[{"id":"EP-8kxrIvuQ","width":5630,"height":3753,"description":"Person silhouette standing on a paddle board and paddling after sunset at Cariocas Beach Bar","user__name":"Jason Blackeye","urls__regular":"https://images.unsplash.com/photo-1500106029603-6402f3cc585c?ixlib=rb-0.3.5&q=80&fm=jpg&crop=entropy&cs=tinysrgb&w=1080&fit=max&s=6049c29b201874a742015fbfa2757e32","urls__small":"https://images.unsplash.com/photo-1500106029603-6402f3cc585c?ixlib=rb-0.3.5&q=80&fm=jpg&crop=entropy&cs=tinysrgb&w=400&fit=max&s=100d6f3b21e9fc269997925ffcedd1f8","urls__thumb":"https://images.unsplash.com/photo-1500106029603-6402f3cc585c?ixlib=rb-0.3.5&q=80&fm=jpg&crop=entropy&cs=tinysrgb&w=200&fit=max&s=1053734e3f8cff0336277e6bf2c890c1","links__html":"https://unsplash.com/photos/EP-8kxrIvuQ"},
{"id":"e5uhsINjlPY","width":2310,"height":1440,"description":"Drone view of a man standing on a paddleboard in the ocean","user__name":"Ishan @seefromthesky","urls__regular":"https://images.unsplash.com/photo-1484896104369-90eb48a7596b?ixlib=rb-0.3.5&q=80&fm=jpg&crop=entropy&cs=tinysrgb&w=1080&fit=max&s=5ffb75a58f5b6c6eaa8643dc102b0fde","urls__small":"https://images.unsplash.com/photo-1484896104369-90eb48a7596b?ixlib=rb-0.3.5&q=80&fm=jpg&crop=entropy&cs=tinysrgb&w=400&fit=max&s=8e4235e703f0678c8dcc1fa855873f59","urls__thumb":"https://images.unsplash.com/photo-1484896104369-90eb48a7596b?ixlib=rb-0.3.5&q=80&fm=jpg&crop=entropy&cs=tinysrgb&w=200&fit=max&s=3456b0319841e731ccf593fa7e9a2f2a","links__html":"https://unsplash.com/photos/e5uhsINjlPY"},
{"id":"07mSKrzKiRw","width":5995,"height":3372,"description":"Palm tree on the hill overlooking ocean bay surrounded by cliffs","user__name":"Chor Hung Tsang","urls__regular":"https://images.unsplash.com/photo-1432889490240-84df33d47091?ixlib=rb-0.3.5&q=80&fm=jpg&crop=entropy&cs=tinysrgb&w=1080&fit=max&s=28d1d93edd5bb1062be10b8fe2c4b2f3","urls__small":"https://images.unsplash.com/photo-1432889490240-84df33d47091?ixlib=rb-0.3.5&q=80&fm=jpg&crop=entropy&cs=tinysrgb&w=400&fit=max&s=1352c2821741f33455191592bedd9420","urls__thumb":"https://images.unsplash.com/photo-1432889490240-84df33d47091?ixlib=rb-0.3.5&q=80&fm=jpg&crop=entropy&cs=tinysrgb&w=200&fit=max&s=8f13b5bf3fa8b1cf6835164ce736f6d6","links__html":"https://unsplash.com/photos/07mSKrzKiRw"},
{"id":"Fg9l2rojs24","width":4928,"height":3280,"description":"Couple running in the wave at the sand beach in La Jolla","user__name":"frank mckenna","urls__regular":"https://images.unsplash.com/photo-1470093879860-2221625b28be?ixlib=rb-0.3.5&q=80&fm=jpg&crop=entropy&cs=tinysrgb&w=1080&fit=max&s=c5c73f51adc4f85505806fe5d645efc6","urls__small":"https://images.unsplash.com/photo-1470093879860-2221625b28be?ixlib=rb-0.3.5&q=80&fm=jpg&crop=entropy&cs=tinysrgb&w=400&fit=max&s=7e15baccc63c093bf1c3164305f14e76","urls__thumb":"https://images.unsplash.com/photo-1470093879860-2221625b28be?ixlib=rb-0.3.5&q=80&fm=jpg&crop=entropy&cs=tinysrgb&w=200&fit=max&s=00c8205fe12fa2fbc2f7b39fda869ff0","links__html":"https://unsplash.com/photos/Fg9l2rojs24"},
{"id":"tqG48KOMKfY","width":5184,"height":3456,"description":"Splashing waves and sea spray in the ocean","user__name":"Jeremy Bishop","urls__regular":"https://images.unsplash.com/photo-1468931467769-06a09c69aad3?ixlib=rb-0.3.5&q=80&fm=jpg&crop=entropy&cs=tinysrgb&w=1080&fit=max&s=a2a0e0a6dd64767eb3506b3d1b9a99e4","urls__small":"https://images.unsplash.com/photo-1468931467769-06a09c69aad3?ixlib=rb-0.3.5&q=80&fm=jpg&crop=entropy&cs=tinysrgb&w=400&fit=max&s=4906f7cc02fe0c06d55938fe0dca977f","urls__thumb":"https://images.unsplash.com/photo-1468931467769-06a09c69aad3?ixlib=rb-0.3.5&q=80&fm=jpg&crop=entropy&cs=tinysrgb&w=200&fit=max&s=57a2cb9efcb6088fae2521ddc43ba246","links__html":"https://unsplash.com/photos/tqG48KOMKfY"},
{"id":"lZWwcP1Vdbw","width":5350,"height":3567,"description":"A close up of stones by the sea in Nice","user__name":"Zeny Rosalina","urls__regular":"https://images.unsplash.com/photo-1449846859890-2e19a995bcfd?ixlib=rb-0.3.5&q=80&fm=jpg&crop=entropy&cs=tinysrgb&w=1080&fit=max&s=662bc538a55a8c211b301dc43abbf19a","urls__small":"https://images.unsplash.com/photo-1449846859890-2e19a995bcfd?ixlib=rb-0.3.5&q=80&fm=jpg&crop=entropy&cs=tinysrgb&w=400&fit=max&s=95170fbe62af8dd7ef20dfe9f493d4ce","urls__thumb":"https://images.unsplash.com/photo-1449846859890-2e19a995bcfd?ixlib=rb-0.3.5&q=80&fm=jpg&crop=entropy&cs=tinysrgb&w=200&fit=max&s=135dfb92ec24528cbc3310a912c79a44","links__html":"https://unsplash.com/photos/lZWwcP1Vdbw"},
{"id":"6xipUtAsjt4","width":4288,"height":2848,"description":"Woman sitting on the rock looking at the ocean waves at sunset","user__name":"Yuliya Ginzburg","urls__regular":"https://images.unsplash.com/photo-1435343874679-cb1e11516166?ixlib=rb-0.3.5&q=80&fm=jpg&crop=entropy&cs=tinysrgb&w=1080&fit=max&s=d560903bb184fa396e59fef8bd24da6b","urls__small":"https://images.unsplash.com/photo-1435343874679-cb1e11516166?ixlib=rb-0.3.5&q=80&fm=jpg&crop=entropy&cs=tinysrgb&w=400&fit=max&s=59ad27b2abfb8b7f32d9cc8acf3f1fb9","urls__thumb":"https://images.unsplash.com/photo-1435343874679-cb1e11516166?ixlib=rb-0.3.5&q=80&fm=jpg&crop=entropy&cs=tinysrgb&w=200&fit=max&s=da1507bf7f2ddab213e6e6cef5579cc5","links__html":"https://unsplash.com/photos/6xipUtAsjt4"},
{"id":"cTKGZJTMJQU","width":4480,"height":6720,"description":"Woman's eye peers through large green leaves","user__name":"Drew Graham","urls__regular":"https://images.unsplash.com/photo-1501644898242-cfea317d7faf?ixlib=rb-0.3.5&q=80&fm=jpg&crop=entropy&cs=tinysrgb&w=1080&fit=max&s=7aac844d01a0cd2b43c199ca4a8e689d","urls__small":"https://images.unsplash.com/photo-1501644898242-cfea317d7faf?ixlib=rb-0.3.5&q=80&fm=jpg&crop=entropy&cs=tinysrgb&w=400&fit=max&s=69c1fb55fdd8b24413ed2d37f19d7e43","urls__thumb":"https://images.unsplash.com/photo-1501644898242-cfea317d7faf?ixlib=rb-0.3.5&q=80&fm=jpg&crop=entropy&cs=tinysrgb&w=200&fit=max&s=c7727ad0b0185359f5d59ce7aaf65499","links__html":"https://unsplash.com/photos/cTKGZJTMJQU"},
{"id":"h9NU6laTNzM","width":5472,"height":3648,"description":"Woman walking on a wet sand beach towards the sunset at Newport Beach","user__name":"Jeremy Bishop","urls__regular":"https://images.unsplash.com/photo-1495482336510-f7716cc28940?ixlib=rb-0.3.5&q=80&fm=jpg&crop=entropy&cs=tinysrgb&w=1080&fit=max&s=08f99f840091163493844d46b83dfda6","urls__small":"https://images.unsplash.com/photo-1495482336510-f7716cc28940?ixlib=rb-0.3.5&q=80&fm=jpg&crop=entropy&cs=tinysrgb&w=400&fit=max&s=1c8a43d7fe34de458996849dd63d7c49","urls__thumb":"https://images.unsplash.com/photo-1495482336510-f7716cc28940?ixlib=rb-0.3.5&q=80&fm=jpg&crop=entropy&cs=tinysrgb&w=200&fit=max&s=e55562194a2c5c73b38eeaf2c9fcaa54","links__html":"https://unsplash.com/photos/h9NU6laTNzM"},
{"id":"e5EioBQmH8c","width":5392,"height":3453,"description":"Thirteen people are silhouetted against a setting sun coloring the sky vibrantly","user__name":"Cristina  Cerda","urls__regular":"https://images.unsplash.com/photo-1446569971295-057569541991?ixlib=rb-0.3.5&q=80&fm=jpg&crop=entropy&cs=tinysrgb&w=1080&fit=max&s=083cd4dead3704eadce4386838388edf","urls__small":"https://images.unsplash.com/photo-1446569971295-057569541991?ixlib=rb-0.3.5&q=80&fm=jpg&crop=entropy&cs=tinysrgb&w=400&fit=max&s=00d892b4bfa00af36ce827eb9972b1e5","urls__thumb":"https://images.unsplash.com/photo-1446569971295-057569541991?ixlib=rb-0.3.5&q=80&fm=jpg&crop=entropy&cs=tinysrgb&w=200&fit=max&s=49e1c7dbf7048eec2b95be3b5272142a","links__html":"https://unsplash.com/photos/e5EioBQmH8c"},
{"id":"coiWR0gT8Cw","width":3532,"height":3532,"description":"A woman doing yoga at Cross Studio, against a blue wall","user__name":"Emily Sea","urls__regular":"https://images.unsplash.com/photo-1485727749690-d091e8284ef3?ixlib=rb-0.3.5&q=80&fm=jpg&crop=entropy&cs=tinysrgb&w=1080&fit=max&s=cde8cfdc021c377a22af868f095f8f76","urls__small":"https://images.unsplash.com/photo-1485727749690-d091e8284ef3?ixlib=rb-0.3.5&q=80&fm=jpg&crop=entropy&cs=tinysrgb&w=400&fit=max&s=7dd240488193c64d06e923098bc76ffd","urls__thumb":"https://images.unsplash.com/photo-1485727749690-d091e8284ef3?ixlib=rb-0.3.5&q=80&fm=jpg&crop=entropy&cs=tinysrgb&w=200&fit=max&s=6d0792d5a454931f2dc3753707db3f5c","links__html":"https://unsplash.com/photos/coiWR0gT8Cw"},
{"id":"L2wq7Y3h7ag","width":5184,"height":3456,"description":"A person doing yoga on the Uyuni Salt Flat during sunset","user__name":"Farsai C.","urls__regular":"https://images.unsplash.com/photo-1491172700640-4f1a131a3670?ixlib=rb-0.3.5&q=80&fm=jpg&crop=entropy&cs=tinysrgb&w=1080&fit=max&s=e51556289e07f8c3c5597dcdff6a6c6d","urls__small":"https://images.unsplash.com/photo-1491172700640-4f1a131a3670?ixlib=rb-0.3.5&q=80&fm=jpg&crop=entropy&cs=tinysrgb&w=400&fit=max&s=380de2c88380a89da72148e7ecc41029","urls__thumb":"https://images.unsplash.com/photo-1491172700640-4f1a131a3670?ixlib=rb-0.3.5&q=80&fm=jpg&crop=entropy&cs=tinysrgb&w=200&fit=max&s=b6827b4867fb1fac2409095d5342499b","links__html":"https://unsplash.com/photos/L2wq7Y3h7ag"},
{"id":"uT0PkbAM8kg","width":5184,"height":3456,"description":"A woman doing yoga at sunset in a white dress on the side of a pool","user__name":"Kristopher Allison","urls__regular":"https://images.unsplash.com/photo-1473022082832-5a30701d4f2c?ixlib=rb-0.3.5&q=80&fm=jpg&crop=entropy&cs=tinysrgb&w=1080&fit=max&s=c1cc7728865087fe14985d09747f4abc","urls__small":"https://images.unsplash.com/photo-1473022082832-5a30701d4f2c?ixlib=rb-0.3.5&q=80&fm=jpg&crop=entropy&cs=tinysrgb&w=400&fit=max&s=e7420705fa12ef8aa0cea5b58278c44b","urls__thumb":"https://images.unsplash.com/photo-1473022082832-5a30701d4f2c?ixlib=rb-0.3.5&q=80&fm=jpg&crop=entropy&cs=tinysrgb&w=200&fit=max&s=c86957fddd502abccb956a1c4f578624","links__html":"https://unsplash.com/photos/uT0PkbAM8kg"},
{"id":"KZc9h88nwpM","width":5511,"height":3674,"description":"A woman wearing funky leggings doing yoga on the grass in Karczewski","user__name":"Dominik Wycislo","urls__regular":"https://images.unsplash.com/photo-1470919543690-22e21c13163d?ixlib=rb-0.3.5&q=80&fm=jpg&crop=entropy&cs=tinysrgb&w=1080&fit=max&s=dcc5a01c676b9d2c00fea510ab47c4cd","urls__small":"https://images.unsplash.com/photo-1470919543690-22e21c13163d?ixlib=rb-0.3.5&q=80&fm=jpg&crop=entropy&cs=tinysrgb&w=400&fit=max&s=e0bc89109657bd003ec28f9d88115507","urls__thumb":"https://images.unsplash.com/photo-1470919543690-22e21c13163d?ixlib=rb-0.3.5&q=80&fm=jpg&crop=entropy&cs=tinysrgb&w=200&fit=max&s=7f7b1dc98fcfbd8dc0af60c4d31ec5e8","links__html":"https://unsplash.com/photos/KZc9h88nwpM"},
{"id":"V53QmbO25Fs","width":5586,"height":3724,"description":"Young woman stretching on a sand beach with an island in the background in Tofino","user__name":"Glen Jackson","urls__regular":"https://images.unsplash.com/photo-1499115715094-e58b465d8e3e?ixlib=rb-0.3.5&q=80&fm=jpg&crop=entropy&cs=tinysrgb&w=1080&fit=max&s=06eaa418a9b83379847d9f4113002bf2","urls__small":"https://images.unsplash.com/photo-1499115715094-e58b465d8e3e?ixlib=rb-0.3.5&q=80&fm=jpg&crop=entropy&cs=tinysrgb&w=400&fit=max&s=507bf9db4f8361b65bcf7e470c365933","urls__thumb":"https://images.unsplash.com/photo-1499115715094-e58b465d8e3e?ixlib=rb-0.3.5&q=80&fm=jpg&crop=entropy&cs=tinysrgb&w=200&fit=max&s=40a3bc2ad7a85521b3dcc4eed1c73a68","links__html":"https://unsplash.com/photos/V53QmbO25Fs"},
{"id":"7Y0NshQLohk","width":3000,"height":2000,"description":"A wavy white texture pattern.","user__name":"Sumner Mahaffey","urls__regular":"https://images.unsplash.com/photo-1504548840739-580b10ae7715?ixlib=rb-0.3.5&q=80&fm=jpg&crop=entropy&cs=tinysrgb&w=1080&fit=max&s=8469bf8f95063c5b2e106c7c05fab310","urls__small":"https://images.unsplash.com/photo-1504548840739-580b10ae7715?ixlib=rb-0.3.5&q=80&fm=jpg&crop=entropy&cs=tinysrgb&w=400&fit=max&s=0a5e133f7971874bd53d3050fa3a508a","urls__thumb":"https://images.unsplash.com/photo-1504548840739-580b10ae7715?ixlib=rb-0.3.5&q=80&fm=jpg&crop=entropy&cs=tinysrgb&w=200&fit=max&s=7af2f7c80b6f69fb9cb3ce66842ef7af","links__html":"https://unsplash.com/photos/7Y0NshQLohk"},
{"id":"wrD_WHXHwHs","width":4928,"height":3280,"description":"A hot from underneath a palm umbrella on San Diego beach, of people playing in the distant sea","user__name":"frank mckenna","urls__regular":"https://images.unsplash.com/photo-1489211914964-32c31f87e86b?ixlib=rb-0.3.5&q=80&fm=jpg&crop=entropy&cs=tinysrgb&w=1080&fit=max&s=ec0b48d34c4427e2abe3c8c2bb8a1239","urls__small":"https://images.unsplash.com/photo-1489211914964-32c31f87e86b?ixlib=rb-0.3.5&q=80&fm=jpg&crop=entropy&cs=tinysrgb&w=400&fit=max&s=a5ef3cc92ae017ac956cd41b7b42804a","urls__thumb":"https://images.unsplash.com/photo-1489211914964-32c31f87e86b?ixlib=rb-0.3.5&q=80&fm=jpg&crop=entropy&cs=tinysrgb&w=200&fit=max&s=5877889c320ddb43cdf0f5a0e9f198a2","links__html":"https://unsplash.com/photos/wrD_WHXHwHs"},
{"id":"NXB51Lc1RdM","width":5824,"height":3920,"description":"Light yellow starfish on the sand beach in Ireland","user__name":"Mike Kenneally","urls__regular":"https://images.unsplash.com/photo-1448305016557-ca10bc06b19b?ixlib=rb-0.3.5&q=80&fm=jpg&crop=entropy&cs=tinysrgb&w=1080&fit=max&s=cc7f72a5d67d94218a06a19752164aae","urls__small":"https://images.unsplash.com/photo-1448305016557-ca10bc06b19b?ixlib=rb-0.3.5&q=80&fm=jpg&crop=entropy&cs=tinysrgb&w=400&fit=max&s=2d2ab7e1fa8d5b6d1c6af0bf70653bef","urls__thumb":"https://images.unsplash.com/photo-1448305016557-ca10bc06b19b?ixlib=rb-0.3.5&q=80&fm=jpg&crop=entropy&cs=tinysrgb&w=200&fit=max&s=6a647a7e277391ac75ec2f4b0197faec","links__html":"https://unsplash.com/photos/NXB51Lc1RdM"},
{"id":"rMqbe4WLqXk","width":5472,"height":3648,"description":"Looking up at bright green palm trees against a light blue sky","user__name":"Sebastien Gabriel","urls__regular":"https://images.unsplash.com/photo-1483221545928-50dd3b5882ea?ixlib=rb-0.3.5&q=80&fm=jpg&crop=entropy&cs=tinysrgb&w=1080&fit=max&s=20846e4e4e5994fba5c4c34fdaaa85d9","urls__small":"https://images.unsplash.com/photo-1483221545928-50dd3b5882ea?ixlib=rb-0.3.5&q=80&fm=jpg&crop=entropy&cs=tinysrgb&w=400&fit=max&s=4cabcbbfee4bcf5b53c90ee99c61947c","urls__thumb":"https://images.unsplash.com/photo-1483221545928-50dd3b5882ea?ixlib=rb-0.3.5&q=80&fm=jpg&crop=entropy&cs=tinysrgb&w=200&fit=max&s=d13ad3c936c53bb4b6cf0fbb0bcbcc25","links__html":"https://unsplash.com/photos/rMqbe4WLqXk"},
{"id":"f9NACz3-V-s","width":5184,"height":3456,"description":"Looking up the trunk of a palm tree and a bright blue sky in Gili Trawangan","user__name":"Alec Bennett","urls__regular":"https://images.unsplash.com/photo-1458693416646-07f13b1a3159?ixlib=rb-0.3.5&q=80&fm=jpg&crop=entropy&cs=tinysrgb&w=1080&fit=max&s=ca4b99fe9f2342d834b19b77e0002756","urls__small":"https://images.unsplash.com/photo-1458693416646-07f13b1a3159?ixlib=rb-0.3.5&q=80&fm=jpg&crop=entropy&cs=tinysrgb&w=400&fit=max&s=f2c7c6f1a37cdbc3d457029fd0fda61f","urls__thumb":"https://images.unsplash.com/photo-1458693416646-07f13b1a3159?ixlib=rb-0.3.5&q=80&fm=jpg&crop=entropy&cs=tinysrgb&w=200&fit=max&s=ad0e3c2bd66b9897d15e1e9a94ce23ff","links__html":"https://unsplash.com/photos/f9NACz3-V-s"},
{"id":"sbjVthVW2X8","width":5182,"height":3455,"description":"A woman meditating in an infinity pool overlooking a forest.","user__name":"Jon Flobrant","urls__regular":"https://images.unsplash.com/photo-1491510736257-3ad769ff47b6?ixlib=rb-0.3.5&q=80&fm=jpg&crop=entropy&cs=tinysrgb&w=1080&fit=max&s=75b9f0e236abfa35cb16b88736972e97","urls__small":"https://images.unsplash.com/photo-1491510736257-3ad769ff47b6?ixlib=rb-0.3.5&q=80&fm=jpg&crop=entropy&cs=tinysrgb&w=400&fit=max&s=63101977125b535d1f346263081a1ac8","urls__thumb":"https://images.unsplash.com/photo-1491510736257-3ad769ff47b6?ixlib=rb-0.3.5&q=80&fm=jpg&crop=entropy&cs=tinysrgb&w=200&fit=max&s=762ce9bc5887772b4de590131aa538b3","links__html":"https://unsplash.com/photos/sbjVthVW2X8"},
{"id":"bwtgal6MJLM","width":6015,"height":3800,"description":"Neon lights spell out love against a wooden barn wall","user__name":"Jez Timms","urls__regular":"https://images.unsplash.com/photo-1487059509674-389a7b979022?ixlib=rb-0.3.5&q=80&fm=jpg&crop=entropy&cs=tinysrgb&w=1080&fit=max&s=4af813013b5b2dd593a7611a13cbb18d","urls__small":"https://images.unsplash.com/photo-1487059509674-389a7b979022?ixlib=rb-0.3.5&q=80&fm=jpg&crop=entropy&cs=tinysrgb&w=400&fit=max&s=0d36a40925897be43d4864da604ae92a","urls__thumb":"https://images.unsplash.com/photo-1487059509674-389a7b979022?ixlib=rb-0.3.5&q=80&fm=jpg&crop=entropy&cs=tinysrgb&w=200&fit=max&s=63f885d6f62e4dc1f19814e892febc1b","links__html":"https://unsplash.com/photos/bwtgal6MJLM"},
{"id":"-m9PKhID7Nk","width":5538,"height":3692,"description":"Wet beach pebbles of various colors and sizes at Oceanside","user__name":"Wil Stewart","urls__regular":"https://images.unsplash.com/photo-1463099843411-206f505c28bb?ixlib=rb-0.3.5&q=80&fm=jpg&crop=entropy&cs=tinysrgb&w=1080&fit=max&s=24ee703c00f93b5ce04451e135a670ba","urls__small":"https://images.unsplash.com/photo-1463099843411-206f505c28bb?ixlib=rb-0.3.5&q=80&fm=jpg&crop=entropy&cs=tinysrgb&w=400&fit=max&s=b4d2c61f833210ef415044a2d82e15c9","urls__thumb":"https://images.unsplash.com/photo-1463099843411-206f505c28bb?ixlib=rb-0.3.5&q=80&fm=jpg&crop=entropy&cs=tinysrgb&w=200&fit=max&s=8e51e1330faa95fae9f9bba93975a175","links__html":"https://unsplash.com/photos/-m9PKhID7Nk"},
{"id":"aEtl64kP8mk","width":3070,"height":3814,"description":"A top view of a woman in a bikini swimming on her back in clear ocean water","user__name":"Ishan @seefromthesky","urls__regular":"https://images.unsplash.com/photo-1496672541024-d5ffffdfa045?ixlib=rb-0.3.5&q=80&fm=jpg&crop=entropy&cs=tinysrgb&w=1080&fit=max&s=6ae5b2daf13d1d8f10868a9f01090694","urls__small":"https://images.unsplash.com/photo-1496672541024-d5ffffdfa045?ixlib=rb-0.3.5&q=80&fm=jpg&crop=entropy&cs=tinysrgb&w=400&fit=max&s=088e577d56813f731efa1c56cc413304","urls__thumb":"https://images.unsplash.com/photo-1496672541024-d5ffffdfa045?ixlib=rb-0.3.5&q=80&fm=jpg&crop=entropy&cs=tinysrgb&w=200&fit=max&s=228106732bed7f41ebb3dd302c7beca4","links__html":"https://unsplash.com/photos/aEtl64kP8mk"},
{"id":"b4a_W3w_20c","width":2160,"height":3696,"description":"A drone shot of tourists sunbathing on a golden beach and swimming in warm sea water","user__name":"Stephanie Liverani","urls__regular":"https://images.unsplash.com/photo-1496108812343-1393e31afd1d?ixlib=rb-0.3.5&q=80&fm=jpg&crop=entropy&cs=tinysrgb&w=1080&fit=max&s=c6a325a9f17a46c81a1a4a70ccf2e749","urls__small":"https://images.unsplash.com/photo-1496108812343-1393e31afd1d?ixlib=rb-0.3.5&q=80&fm=jpg&crop=entropy&cs=tinysrgb&w=400&fit=max&s=7f6e24c5a1e48854d1bd82ac2f6aff0a","urls__thumb":"https://images.unsplash.com/photo-1496108812343-1393e31afd1d?ixlib=rb-0.3.5&q=80&fm=jpg&crop=entropy&cs=tinysrgb&w=200&fit=max&s=8a7f3f384c3c8f438ddf9c8e830fe1d0","links__html":"https://unsplash.com/photos/b4a_W3w_20c"},
{"id":"78T99kbcp_4","width":5472,"height":3648,"description":"A woman doing yoga on a pink and blue yoga mat by the ocean","user__name":"Matthew Kane","urls__regular":"https://images.unsplash.com/photo-1463214551910-9d4d4e4ee844?ixlib=rb-0.3.5&q=80&fm=jpg&crop=entropy&cs=tinysrgb&w=1080&fit=max&s=bb815d48d7487a1c13aeb4b8d608e918","urls__small":"https://images.unsplash.com/photo-1463214551910-9d4d4e4ee844?ixlib=rb-0.3.5&q=80&fm=jpg&crop=entropy&cs=tinysrgb&w=400&fit=max&s=7e4e3a03cf555f83718eb87000df4b7f","urls__thumb":"https://images.unsplash.com/photo-1463214551910-9d4d4e4ee844?ixlib=rb-0.3.5&q=80&fm=jpg&crop=entropy&cs=tinysrgb&w=200&fit=max&s=8475eec17b0a9f04bd7469fca7f1d066","links__html":"https://unsplash.com/photos/78T99kbcp_4"},
{"id":"CTivHyiTbFw","width":4288,"height":2848,"description":"Ocean waves rippling at Kavourotrypes Beach","user__name":"Anastasia Taioglou","urls__regular":"https://images.unsplash.com/photo-1488188840666-e2308741a62f?ixlib=rb-0.3.5&q=80&fm=jpg&crop=entropy&cs=tinysrgb&w=1080&fit=max&s=03fbb2f11b437c9d1f03485601357569","urls__small":"https://images.unsplash.com/photo-1488188840666-e2308741a62f?ixlib=rb-0.3.5&q=80&fm=jpg&crop=entropy&cs=tinysrgb&w=400&fit=max&s=edc8c1fbf19d80d1fbd37352e56500fd","urls__thumb":"https://images.unsplash.com/photo-1488188840666-e2308741a62f?ixlib=rb-0.3.5&q=80&fm=jpg&crop=entropy&cs=tinysrgb&w=200&fit=max&s=70d2a3eaa76b110d90b2fdec9e4bbe37","links__html":"https://unsplash.com/photos/CTivHyiTbFw"},
{"id":"Rshwi48zDQY","width":4000,"height":3000,"description":"Black and white shot of female diver swimming towards surface in flippers with light","user__name":"Jeremy Bishop","urls__regular":"https://images.unsplash.com/photo-1480095491029-1fdd52e30af2?ixlib=rb-0.3.5&q=80&fm=jpg&crop=entropy&cs=tinysrgb&w=1080&fit=max&s=2b79a88e28a4c0ed15467f1dfba8f72a","urls__small":"https://images.unsplash.com/photo-1480095491029-1fdd52e30af2?ixlib=rb-0.3.5&q=80&fm=jpg&crop=entropy&cs=tinysrgb&w=400&fit=max&s=9ea7d4bdab1f2198ec545a50e33fdcf4","urls__thumb":"https://images.unsplash.com/photo-1480095491029-1fdd52e30af2?ixlib=rb-0.3.5&q=80&fm=jpg&crop=entropy&cs=tinysrgb&w=200&fit=max&s=424de31ed5b197ad61e1cfd06d832565","links__html":"https://unsplash.com/photos/Rshwi48zDQY"},
{"id":"qMEDYXXa_lY","width":3075,"height":3133,"description":"A macro shot of a red flower bud covered with waterdrops","user__name":"njebayi emmanuel","urls__regular":"https://images.unsplash.com/photo-1438170453045-def8dc71416f?ixlib=rb-0.3.5&q=80&fm=jpg&crop=entropy&cs=tinysrgb&w=1080&fit=max&s=6851c744f2d9b7a47fdd2da906b03770","urls__small":"https://images.unsplash.com/photo-1438170453045-def8dc71416f?ixlib=rb-0.3.5&q=80&fm=jpg&crop=entropy&cs=tinysrgb&w=400&fit=max&s=ef6d1fbf1fe6ca248f8a020a2cb2d706","urls__thumb":"https://images.unsplash.com/photo-1438170453045-def8dc71416f?ixlib=rb-0.3.5&q=80&fm=jpg&crop=entropy&cs=tinysrgb&w=200&fit=max&s=16a533d15c4bbc89701f2c6ba8bf933e","links__html":"https://unsplash.com/photos/qMEDYXXa_lY"},
{"id":"qdyBKWSzpSI","width":3840,"height":5760,"description":"Fruit smoothies in glasses topped with pieces of fruit and marigold flowers","user__name":"Brooke Lark","urls__regular":"https://images.unsplash.com/photo-1483918793747-5adbf82956c4?ixlib=rb-0.3.5&q=80&fm=jpg&crop=entropy&cs=tinysrgb&w=1080&fit=max&s=1f48857dbf61e892899e0c434d14dca7","urls__small":"https://images.unsplash.com/photo-1483918793747-5adbf82956c4?ixlib=rb-0.3.5&q=80&fm=jpg&crop=entropy&cs=tinysrgb&w=400&fit=max&s=257027f14a3bb35e97004db4e663998f","urls__thumb":"https://images.unsplash.com/photo-1483918793747-5adbf82956c4?ixlib=rb-0.3.5&q=80&fm=jpg&crop=entropy&cs=tinysrgb&w=200&fit=max&s=b5f568c47fd371861cffe5593f45166d","links__html":"https://unsplash.com/photos/qdyBKWSzpSI"},
{"id":"UCDiLtfDRgU","width":3992,"height":2242,"description":"Drone view of ocean wave at Children's Pool Beach","user__name":"Matt Howard","urls__regular":"https://images.unsplash.com/photo-1493441883526-0ed85220dc0c?ixlib=rb-0.3.5&q=80&fm=jpg&crop=entropy&cs=tinysrgb&w=1080&fit=max&s=04a61f116acbe56a328e14aa14ed65c7","urls__small":"https://images.unsplash.com/photo-1493441883526-0ed85220dc0c?ixlib=rb-0.3.5&q=80&fm=jpg&crop=entropy&cs=tinysrgb&w=400&fit=max&s=ace0c00ea3bbb93f214b2a92ca047fbe","urls__thumb":"https://images.unsplash.com/photo-1493441883526-0ed85220dc0c?ixlib=rb-0.3.5&q=80&fm=jpg&crop=entropy&cs=tinysrgb&w=200&fit=max&s=3438441b7ba2d792fbe97c5e5f02c872","links__html":"https://unsplash.com/photos/UCDiLtfDRgU"},
{"id":"evrHojTLBKE","width":6000,"height":4286,"description":"Person entering the calm ocean at the sand beach in San Diego","user__name":"frank mckenna","urls__regular":"https://images.unsplash.com/photo-1498060640552-89ed324842ea?ixlib=rb-0.3.5&q=80&fm=jpg&crop=entropy&cs=tinysrgb&w=1080&fit=max&s=45edfee1e272e0d427ce53d7f0a75de2","urls__small":"https://images.unsplash.com/photo-1498060640552-89ed324842ea?ixlib=rb-0.3.5&q=80&fm=jpg&crop=entropy&cs=tinysrgb&w=400&fit=max&s=f9e79a8899e624793121c8700e4e5d2d","urls__thumb":"https://images.unsplash.com/photo-1498060640552-89ed324842ea?ixlib=rb-0.3.5&q=80&fm=jpg&crop=entropy&cs=tinysrgb&w=200&fit=max&s=3f59fac41a8370b25a90d6a8b5937765","links__html":"https://unsplash.com/photos/evrHojTLBKE"},
{"id":"3reWf5Rp4jo","width":5184,"height":3456,"description":"A flower being passed romantically from hand to hand","user__name":"Evan  Kirby","urls__regular":"https://images.unsplash.com/photo-1465711403138-162e171bb7e4?ixlib=rb-0.3.5&q=80&fm=jpg&crop=entropy&cs=tinysrgb&w=1080&fit=max&s=002d2ee762050b17925bc4905d5a7eb4","urls__small":"https://images.unsplash.com/photo-1465711403138-162e171bb7e4?ixlib=rb-0.3.5&q=80&fm=jpg&crop=entropy&cs=tinysrgb&w=400&fit=max&s=f239ec00fd510954003d4ba60d55dd12","urls__thumb":"https://images.unsplash.com/photo-1465711403138-162e171bb7e4?ixlib=rb-0.3.5&q=80&fm=jpg&crop=entropy&cs=tinysrgb&w=200&fit=max&s=e8a1890637d8c3ff46946a22e9908146","links__html":"https://unsplash.com/photos/3reWf5Rp4jo"},
{"id":"K5DxztpY1O8","width":2095,"height":3142,"description":"The ocean tide is vibrant and washes off on the beach shore on a cool summer day","user__name":"Despo Potamou","urls__regular":"https://images.unsplash.com/photo-1418308050932-c56fa6e5b767?ixlib=rb-0.3.5&q=80&fm=jpg&crop=entropy&cs=tinysrgb&w=1080&fit=max&s=47b7b3e4b32c098fbd8a1fb876fdd806","urls__small":"https://images.unsplash.com/photo-1418308050932-c56fa6e5b767?ixlib=rb-0.3.5&q=80&fm=jpg&crop=entropy&cs=tinysrgb&w=400&fit=max&s=59e1886dc4ca85a8c864d17a47337cd8","urls__thumb":"https://images.unsplash.com/photo-1418308050932-c56fa6e5b767?ixlib=rb-0.3.5&q=80&fm=jpg&crop=entropy&cs=tinysrgb&w=200&fit=max&s=88fe3d78eb7ebe65d46d42f7872b8c77","links__html":"https://unsplash.com/photos/K5DxztpY1O8"},
{"id":"hBYzBU1xP6s","width":4000,"height":2678,"description":"High wave ocean washing on to seashore at beach with looming sunrise","user__name":"Barn Images","urls__regular":"https://images.unsplash.com/photo-1426200830301-372615e4ac54?ixlib=rb-0.3.5&q=80&fm=jpg&crop=entropy&cs=tinysrgb&w=1080&fit=max&s=604eab841d0ed6d9759d04c0d9bc801c","urls__small":"https://images.unsplash.com/photo-1426200830301-372615e4ac54?ixlib=rb-0.3.5&q=80&fm=jpg&crop=entropy&cs=tinysrgb&w=400&fit=max&s=f153876d91814ff083150309a43b2bfa","urls__thumb":"https://images.unsplash.com/photo-1426200830301-372615e4ac54?ixlib=rb-0.3.5&q=80&fm=jpg&crop=entropy&cs=tinysrgb&w=200&fit=max&s=1dda933434cfeb2513435b4d451cd06c","links__html":"https://unsplash.com/photos/hBYzBU1xP6s"},
{"id":"betmVWGYcLY","width":3200,"height":2133,"description":"A person walking through a maze made out of rocks by the side of the beach","user__name":"Ashley Batz","urls__regular":"https://images.unsplash.com/uploads/14122810486321888a497/1b0cc699?ixlib=rb-0.3.5&q=80&fm=jpg&crop=entropy&cs=tinysrgb&w=1080&fit=max&s=95d6ee2d2ea8c316c6437bbd4fe3f51f","urls__small":"https://images.unsplash.com/uploads/14122810486321888a497/1b0cc699?ixlib=rb-0.3.5&q=80&fm=jpg&crop=entropy&cs=tinysrgb&w=400&fit=max&s=18972096a8049969c9c6c597f7e404c3","urls__thumb":"https://images.unsplash.com/uploads/14122810486321888a497/1b0cc699?ixlib=rb-0.3.5&q=80&fm=jpg&crop=entropy&cs=tinysrgb&w=200&fit=max&s=fee57f79c42a608ba8ae28992504ff04","links__html":"https://unsplash.com/photos/betmVWGYcLY"},
{"id":"cfHUNVmyYR0","width":1500,"height":2250,"description":"Snowing over an ocean with a lone boat.","user__name":"guille pozzi","urls__regular":"https://images.unsplash.com/photo-1504642641925-1c733fb8e8e1?ixlib=rb-0.3.5&q=80&fm=jpg&crop=entropy&cs=tinysrgb&w=1080&fit=max&s=051b3dc8509621854660fbef8af1d4a8","urls__small":"https://images.unsplash.com/photo-1504642641925-1c733fb8e8e1?ixlib=rb-0.3.5&q=80&fm=jpg&crop=entropy&cs=tinysrgb&w=400&fit=max&s=3e375c41a6098615e8b73177501016b6","urls__thumb":"https://images.unsplash.com/photo-1504642641925-1c733fb8e8e1?ixlib=rb-0.3.5&q=80&fm=jpg&crop=entropy&cs=tinysrgb&w=200&fit=max&s=f3c8d901fc1bf81dc11bc23c1cd3d00e","links__html":"https://unsplash.com/photos/cfHUNVmyYR0"},
{"id":"BZ2PNGD5Emw","width":3648,"height":3648,"description":"A brunette woman wearing a hat and sunglasses standing in the snow in Nashville","user__name":"Seth Doyle","urls__regular":"https://images.unsplash.com/photo-1484186139897-d5fc6b908812?ixlib=rb-0.3.5&q=80&fm=jpg&crop=entropy&cs=tinysrgb&w=1080&fit=max&s=ddc475f0804427f2d24e926ccf9219b2","urls__small":"https://images.unsplash.com/photo-1484186139897-d5fc6b908812?ixlib=rb-0.3.5&q=80&fm=jpg&crop=entropy&cs=tinysrgb&w=400&fit=max&s=a574b4befe2885e43559c32ea8d6cd38","urls__thumb":"https://images.unsplash.com/photo-1484186139897-d5fc6b908812?ixlib=rb-0.3.5&q=80&fm=jpg&crop=entropy&cs=tinysrgb&w=200&fit=max&s=6f41f7bab61a33e4fd45fe26ef6d5916","links__html":"https://unsplash.com/photos/BZ2PNGD5Emw"},
{"id":"TcCjnohtRnA","width":2710,"height":1795,"description":"Snow covered field with clear skies in Siberian Federal District.","user__name":"Anton Strogonoff","urls__regular":"https://images.unsplash.com/photo-1492057201103-01c5991d4596?ixlib=rb-0.3.5&q=80&fm=jpg&crop=entropy&cs=tinysrgb&w=1080&fit=max&s=4f8b469523adbad770108b16baa07c7b","urls__small":"https://images.unsplash.com/photo-1492057201103-01c5991d4596?ixlib=rb-0.3.5&q=80&fm=jpg&crop=entropy&cs=tinysrgb&w=400&fit=max&s=dd4b33b4b816fe18902ae0f0a672a8d0","urls__thumb":"https://images.unsplash.com/photo-1492057201103-01c5991d4596?ixlib=rb-0.3.5&q=80&fm=jpg&crop=entropy&cs=tinysrgb&w=200&fit=max&s=47955183ee44a2b2c6c93c2a2295cd87","links__html":"https://unsplash.com/photos/TcCjnohtRnA"},
{"id":"8ELx7tiDxY0","width":4200,"height":2800,"description":"A woman wearing a jacket with a fur hood rowing her canoe through the waters at the Adirondack Mountains","user__name":"HB Mertz","urls__regular":"https://images.unsplash.com/photo-1500393734221-584dd6dbf92a?ixlib=rb-0.3.5&q=80&fm=jpg&crop=entropy&cs=tinysrgb&w=1080&fit=max&s=951e0ce8826c4fec5321820950b9e27c","urls__small":"https://images.unsplash.com/photo-1500393734221-584dd6dbf92a?ixlib=rb-0.3.5&q=80&fm=jpg&crop=entropy&cs=tinysrgb&w=400&fit=max&s=368ae0929651cd05e6f08d92bfae5f8d","urls__thumb":"https://images.unsplash.com/photo-1500393734221-584dd6dbf92a?ixlib=rb-0.3.5&q=80&fm=jpg&crop=entropy&cs=tinysrgb&w=200&fit=max&s=6951ce7171517a03da0d497351c7cadd","links__html":"https://unsplash.com/photos/8ELx7tiDxY0"},
{"id":"5867BKGyCu4","width":5472,"height":3648,"description":"A woman wearing earmuffs, a winter coat, and red lipstick blowing snow out of her hands in Olsztyn","user__name":"freestocks.org","urls__regular":"https://images.unsplash.com/photo-1484081064812-86e90e107fa8?ixlib=rb-0.3.5&q=80&fm=jpg&crop=entropy&cs=tinysrgb&w=1080&fit=max&s=9fc89961c9196e60f235d867b56f74d1","urls__small":"https://images.unsplash.com/photo-1484081064812-86e90e107fa8?ixlib=rb-0.3.5&q=80&fm=jpg&crop=entropy&cs=tinysrgb&w=400&fit=max&s=7f70bc2859a83f317d58a38e3c36c0c7","urls__thumb":"https://images.unsplash.com/photo-1484081064812-86e90e107fa8?ixlib=rb-0.3.5&q=80&fm=jpg&crop=entropy&cs=tinysrgb&w=200&fit=max&s=209f5a2556f168ef3f476cfe1f85e3ed","links__html":"https://unsplash.com/photos/5867BKGyCu4"},
{"id":"Ri4BxJLZ1Dk","width":5616,"height":3744,"description":"A person with a yellow cape is walking on a snowy sidewalk in New York","user__name":"Ross Sokolovski","urls__regular":"https://images.unsplash.com/photo-1487394589779-a9619da49240?ixlib=rb-0.3.5&q=80&fm=jpg&crop=entropy&cs=tinysrgb&w=1080&fit=max&s=01e20a38ea32ae5926cb3ab036f10fff","urls__small":"https://images.unsplash.com/photo-1487394589779-a9619da49240?ixlib=rb-0.3.5&q=80&fm=jpg&crop=entropy&cs=tinysrgb&w=400&fit=max&s=c11ed6a4d7e0b56dee235065970096c7","urls__thumb":"https://images.unsplash.com/photo-1487394589779-a9619da49240?ixlib=rb-0.3.5&q=80&fm=jpg&crop=entropy&cs=tinysrgb&w=200&fit=max&s=dce06fdaa23a6882c0425c3cef4e4a03","links__html":"https://unsplash.com/photos/Ri4BxJLZ1Dk"},
{"id":"AygJgCM_vto","width":1814,"height":2500,"description":"Fog seeps into forest of trees in winter","user__name":"Christian Grab","urls__regular":"https://images.unsplash.com/photo-1485433592409-9018e83a1f0d?ixlib=rb-0.3.5&q=80&fm=jpg&crop=entropy&cs=tinysrgb&w=1080&fit=max&s=a5d6399a0e645ca4a1642c9df9774f7d","urls__small":"https://images.unsplash.com/photo-1485433592409-9018e83a1f0d?ixlib=rb-0.3.5&q=80&fm=jpg&crop=entropy&cs=tinysrgb&w=400&fit=max&s=fa04a99e00bf6ba626b47d61e00bb5cb","urls__thumb":"https://images.unsplash.com/photo-1485433592409-9018e83a1f0d?ixlib=rb-0.3.5&q=80&fm=jpg&crop=entropy&cs=tinysrgb&w=200&fit=max&s=1e57c03eac3e6a214b713232f8cf18e7","links__html":"https://unsplash.com/photos/AygJgCM_vto"},
{"id":"1-ISIwuBMiw","width":3853,"height":2241,"description":"A drone shot of an empty road with stretches of snowy trees on its sides","user__name":"Kimon Maritz","urls__regular":"https://images.unsplash.com/photo-1484856299450-fb14549bca50?ixlib=rb-0.3.5&q=80&fm=jpg&crop=entropy&cs=tinysrgb&w=1080&fit=max&s=98e80892a22c1442f079e0e6ecf94ea6","urls__small":"https://images.unsplash.com/photo-1484856299450-fb14549bca50?ixlib=rb-0.3.5&q=80&fm=jpg&crop=entropy&cs=tinysrgb&w=400&fit=max&s=644e3b1b6eea52f198d8988a61963227","urls__thumb":"https://images.unsplash.com/photo-1484856299450-fb14549bca50?ixlib=rb-0.3.5&q=80&fm=jpg&crop=entropy&cs=tinysrgb&w=200&fit=max&s=c90f2d4013ef3fbca69a1443b3672857","links__html":"https://unsplash.com/photos/1-ISIwuBMiw"},
{"id":"aMIFcgCSz5M","width":2673,"height":3964,"description":"A drone shot of a narrow road cutting through a snowy forest in Jamtland County","user__name":"Johan Arthursson","urls__regular":"https://images.unsplash.com/photo-1456242951842-39924e7a7876?ixlib=rb-0.3.5&q=80&fm=jpg&crop=entropy&cs=tinysrgb&w=1080&fit=max&s=a6ffae0682595e2230d67430e0e69437","urls__small":"https://images.unsplash.com/photo-1456242951842-39924e7a7876?ixlib=rb-0.3.5&q=80&fm=jpg&crop=entropy&cs=tinysrgb&w=400&fit=max&s=f18b6ea7d2f68246e3207590760e6a29","urls__thumb":"https://images.unsplash.com/photo-1456242951842-39924e7a7876?ixlib=rb-0.3.5&q=80&fm=jpg&crop=entropy&cs=tinysrgb&w=200&fit=max&s=63b9d87be2644a2c400b455d581cb46e","links__html":"https://unsplash.com/photos/aMIFcgCSz5M"},
{"id":"vddccTqwal8","width":3872,"height":2592,"description":"Snowy mountain tops cut through an expanse of clouds","user__name":"samsommer","urls__regular":"https://images.unsplash.com/photo-1458668383970-8ddd3927deed?ixlib=rb-0.3.5&q=80&fm=jpg&crop=entropy&cs=tinysrgb&w=1080&fit=max&s=f0ac94de031fa7e339e01d4c6cce1b58","urls__small":"https://images.unsplash.com/photo-1458668383970-8ddd3927deed?ixlib=rb-0.3.5&q=80&fm=jpg&crop=entropy&cs=tinysrgb&w=400&fit=max&s=bad129c17a385bb2b1f94fd20f53b453","urls__thumb":"https://images.unsplash.com/photo-1458668383970-8ddd3927deed?ixlib=rb-0.3.5&q=80&fm=jpg&crop=entropy&cs=tinysrgb&w=200&fit=max&s=a385a91be8ca123c314a8753fe4bfb74","links__html":"https://unsplash.com/photos/vddccTqwal8"},
{"id":"IWenq-4JHqo","width":2200,"height":1406,"description":"An evergreen landscape shot capturing a foggy, snowy day at a large mountain forest","user__name":"Adam Chang","urls__regular":"https://images.unsplash.com/photo-1491002052546-bf38f186af56?ixlib=rb-0.3.5&q=80&fm=jpg&crop=entropy&cs=tinysrgb&w=1080&fit=max&s=ec62284ca7762d29fe82596bd41a6c06","urls__small":"https://images.unsplash.com/photo-1491002052546-bf38f186af56?ixlib=rb-0.3.5&q=80&fm=jpg&crop=entropy&cs=tinysrgb&w=400&fit=max&s=0b3de8f26b7bbbd784d08891d5f7ff91","urls__thumb":"https://images.unsplash.com/photo-1491002052546-bf38f186af56?ixlib=rb-0.3.5&q=80&fm=jpg&crop=entropy&cs=tinysrgb&w=200&fit=max&s=26b59591a273153d374d07300b93ee99","links__html":"https://unsplash.com/photos/IWenq-4JHqo"},
{"id":"zglUlG8k47I","width":5600,"height":3949,"description":"Small groups of mountaineers with heavy backpacks in a snowy wasteland","user__name":"Todd Diemer","urls__regular":"https://images.unsplash.com/photo-1497316283501-6e0246fc5aa0?ixlib=rb-0.3.5&q=80&fm=jpg&crop=entropy&cs=tinysrgb&w=1080&fit=max&s=6a3ff6247174caf201fe8fef1f0fdf30","urls__small":"https://images.unsplash.com/photo-1497316283501-6e0246fc5aa0?ixlib=rb-0.3.5&q=80&fm=jpg&crop=entropy&cs=tinysrgb&w=400&fit=max&s=e654f571da5f41b04d3628cd5ab8550e","urls__thumb":"https://images.unsplash.com/photo-1497316283501-6e0246fc5aa0?ixlib=rb-0.3.5&q=80&fm=jpg&crop=entropy&cs=tinysrgb&w=200&fit=max&s=65ad5255bc651056604a8e7d1a00c8b5","links__html":"https://unsplash.com/photos/zglUlG8k47I"},
{"id":"1FJZBOthB8k","width":1732,"height":2309,"description":"Skiing down a snow hill at the Hintertuxer Gletscher glaciers","user__name":"Philipp Kämmerer","urls__regular":"https://images.unsplash.com/photo-1495619744764-2cc11fcbe5f0?ixlib=rb-0.3.5&q=80&fm=jpg&crop=entropy&cs=tinysrgb&w=1080&fit=max&s=a52e471d27d9e1ed2d2e481c6f4ba521","urls__small":"https://images.unsplash.com/photo-1495619744764-2cc11fcbe5f0?ixlib=rb-0.3.5&q=80&fm=jpg&crop=entropy&cs=tinysrgb&w=400&fit=max&s=8b7e788c910cf3eb18198052f2fe8258","urls__thumb":"https://images.unsplash.com/photo-1495619744764-2cc11fcbe5f0?ixlib=rb-0.3.5&q=80&fm=jpg&crop=entropy&cs=tinysrgb&w=200&fit=max&s=4d4209d53dc0044534e276f8332f58da","links__html":"https://unsplash.com/photos/1FJZBOthB8k"},
{"id":"tYUVjIP_xsc","width":5000,"height":3571,"description":"A winter road with snow covered trees running alongside, taken in Estavayer-le-Lac in Switzerland","user__name":"Camille / Kmile","urls__regular":"https://images.unsplash.com/photo-1486126204936-d789aeff1c15?ixlib=rb-0.3.5&q=80&fm=jpg&crop=entropy&cs=tinysrgb&w=1080&fit=max&s=4e020447db72e500e011de33724556de","urls__small":"https://images.unsplash.com/photo-1486126204936-d789aeff1c15?ixlib=rb-0.3.5&q=80&fm=jpg&crop=entropy&cs=tinysrgb&w=400&fit=max&s=4b26056b3d11655055ad0dccfa14d5b6","urls__thumb":"https://images.unsplash.com/photo-1486126204936-d789aeff1c15?ixlib=rb-0.3.5&q=80&fm=jpg&crop=entropy&cs=tinysrgb&w=200&fit=max&s=e2c8a71c3352778a65af87283e373694","links__html":"https://unsplash.com/photos/tYUVjIP_xsc"},
{"id":"4w-bg40jbI4","width":2136,"height":3216,"description":"Train tracks covered in snow on a cold winter day","user__name":"Sandra Ahn Mode","urls__regular":"https://images.unsplash.com/photo-1503517245364-78fc9a9cdd37?ixlib=rb-0.3.5&q=80&fm=jpg&crop=entropy&cs=tinysrgb&w=1080&fit=max&s=1a7be774bd200ba37be971b78aa14f4e","urls__small":"https://images.unsplash.com/photo-1503517245364-78fc9a9cdd37?ixlib=rb-0.3.5&q=80&fm=jpg&crop=entropy&cs=tinysrgb&w=400&fit=max&s=bd378c22abb1d11bfeebfcbde838873e","urls__thumb":"https://images.unsplash.com/photo-1503517245364-78fc9a9cdd37?ixlib=rb-0.3.5&q=80&fm=jpg&crop=entropy&cs=tinysrgb&w=200&fit=max&s=15e70a2db97705ef08dcd1303c10b956","links__html":"https://unsplash.com/photos/4w-bg40jbI4"},
{"id":"9_wnJ3_xgh0","width":5874,"height":3916,"description":"A man wearing a spring jacket jogging on the side of the road near Multnomah Falls","user__name":"adrian","urls__regular":"https://images.unsplash.com/photo-1481256472077-6df2d018ca54?ixlib=rb-0.3.5&q=80&fm=jpg&crop=entropy&cs=tinysrgb&w=1080&fit=max&s=c67b73640c6c6523c17c221d5c13d2a2","urls__small":"https://images.unsplash.com/photo-1481256472077-6df2d018ca54?ixlib=rb-0.3.5&q=80&fm=jpg&crop=entropy&cs=tinysrgb&w=400&fit=max&s=d1e9e970878febba3eca3b734121fe3f","urls__thumb":"https://images.unsplash.com/photo-1481256472077-6df2d018ca54?ixlib=rb-0.3.5&q=80&fm=jpg&crop=entropy&cs=tinysrgb&w=200&fit=max&s=3a8af81a98917bc3360b66f8a3b7350d","links__html":"https://unsplash.com/photos/9_wnJ3_xgh0"},
{"id":"HzaT5l4Fzqc","width":3000,"height":2000,"description":"A flock of birds fly around a snowy mountainside in fog","user__name":"René Reichelt","urls__regular":"https://images.unsplash.com/photo-1417021423914-070979c8eb34?ixlib=rb-0.3.5&q=80&fm=jpg&crop=entropy&cs=tinysrgb&w=1080&fit=max&s=d96e7655704954bd24f89f05a49d44ba","urls__small":"https://images.unsplash.com/photo-1417021423914-070979c8eb34?ixlib=rb-0.3.5&q=80&fm=jpg&crop=entropy&cs=tinysrgb&w=400&fit=max&s=9cf7751059d29544ee6622b9f663f00d","urls__thumb":"https://images.unsplash.com/photo-1417021423914-070979c8eb34?ixlib=rb-0.3.5&q=80&fm=jpg&crop=entropy&cs=tinysrgb&w=200&fit=max&s=18fe9ee8bc4ccac0ff6624b14e43c1aa","links__html":"https://unsplash.com/photos/HzaT5l4Fzqc"},
{"id":"xx999OYHdwY","width":1582,"height":2048,"description":"A blacktop road winding through a snowy evergreen forest","user__name":"Daniel Kainz","urls__regular":"https://images.unsplash.com/photo-1451551057130-9b723f0fa5a6?ixlib=rb-0.3.5&q=80&fm=jpg&crop=entropy&cs=tinysrgb&w=1080&fit=max&s=e360ea1ccc9817e81fd187fd2d556cb6","urls__small":"https://images.unsplash.com/photo-1451551057130-9b723f0fa5a6?ixlib=rb-0.3.5&q=80&fm=jpg&crop=entropy&cs=tinysrgb&w=400&fit=max&s=cd11a56c3d5e0118c849bd7246787666","urls__thumb":"https://images.unsplash.com/photo-1451551057130-9b723f0fa5a6?ixlib=rb-0.3.5&q=80&fm=jpg&crop=entropy&cs=tinysrgb&w=200&fit=max&s=0f3eb51774ad3c6dd56d0b5a7c046590","links__html":"https://unsplash.com/photos/xx999OYHdwY"},
{"id":"YQOi2P41BwQ","width":5367,"height":3723,"description":"Snow covered mountains with fog in Telluride.","user__name":"Thomas Kelley","urls__regular":"https://images.unsplash.com/photo-1456455961666-c5a4eab3964b?ixlib=rb-0.3.5&q=80&fm=jpg&crop=entropy&cs=tinysrgb&w=1080&fit=max&s=05e347b419337abf8759b73317c7ba4c","urls__small":"https://images.unsplash.com/photo-1456455961666-c5a4eab3964b?ixlib=rb-0.3.5&q=80&fm=jpg&crop=entropy&cs=tinysrgb&w=400&fit=max&s=2b7831c84a0485ee318353f337678095","urls__thumb":"https://images.unsplash.com/photo-1456455961666-c5a4eab3964b?ixlib=rb-0.3.5&q=80&fm=jpg&crop=entropy&cs=tinysrgb&w=200&fit=max&s=b9834ee01ed78e03d884eadefc9f1a61","links__html":"https://unsplash.com/photos/YQOi2P41BwQ"},
{"id":"goZ1M5TVjag","width":3264,"height":2448,"description":"Snow-covered forest in Austria with fog","user__name":"Emily Morter","urls__regular":"https://images.unsplash.com/photo-1465841128753-808139f0a99a?ixlib=rb-0.3.5&q=80&fm=jpg&crop=entropy&cs=tinysrgb&w=1080&fit=max&s=ebd98c7d0d22923531a0ef1024ebfcd2","urls__small":"https://images.unsplash.com/photo-1465841128753-808139f0a99a?ixlib=rb-0.3.5&q=80&fm=jpg&crop=entropy&cs=tinysrgb&w=400&fit=max&s=6893721e844c84a906c6f80db86d4cc7","urls__thumb":"https://images.unsplash.com/photo-1465841128753-808139f0a99a?ixlib=rb-0.3.5&q=80&fm=jpg&crop=entropy&cs=tinysrgb&w=200&fit=max&s=22627861f6cabd0e5a8466cfaf32adee","links__html":"https://unsplash.com/photos/goZ1M5TVjag"},
{"id":"vhnG50rQtUk","width":3000,"height":1875,"description":"A drone view of a snow mountain in Iceland.","user__name":"Anders Jildén","urls__regular":"https://images.unsplash.com/photo-1457606275740-5d39586c7d4a?ixlib=rb-0.3.5&q=80&fm=jpg&crop=entropy&cs=tinysrgb&w=1080&fit=max&s=e3d14c6b099f7ae3c6eda5b85c00795e","urls__small":"https://images.unsplash.com/photo-1457606275740-5d39586c7d4a?ixlib=rb-0.3.5&q=80&fm=jpg&crop=entropy&cs=tinysrgb&w=400&fit=max&s=a3c91652a5d82b078a896a6d6079ff92","urls__thumb":"https://images.unsplash.com/photo-1457606275740-5d39586c7d4a?ixlib=rb-0.3.5&q=80&fm=jpg&crop=entropy&cs=tinysrgb&w=200&fit=max&s=3870c9a1c741c8e4d4b332b80776f19a","links__html":"https://unsplash.com/photos/vhnG50rQtUk"},
{"id":"p1vOiWrFm18","width":3024,"height":3024,"description":"Quaint cabin in a frosty field on a foggy morning in Spain","user__name":"elizabeth lies","urls__regular":"https://images.unsplash.com/photo-1484504005199-2cfb9a299257?ixlib=rb-0.3.5&q=80&fm=jpg&crop=entropy&cs=tinysrgb&w=1080&fit=max&s=dc70d0cf6269d6cd684fc09bd8c693b0","urls__small":"https://images.unsplash.com/photo-1484504005199-2cfb9a299257?ixlib=rb-0.3.5&q=80&fm=jpg&crop=entropy&cs=tinysrgb&w=400&fit=max&s=b33462f1aa07d4fd79d4cdba323d2212","urls__thumb":"https://images.unsplash.com/photo-1484504005199-2cfb9a299257?ixlib=rb-0.3.5&q=80&fm=jpg&crop=entropy&cs=tinysrgb&w=200&fit=max&s=03b587e90ab59c89d477543ef85ffb01","links__html":"https://unsplash.com/photos/p1vOiWrFm18"},
{"id":"kJcKpkL7vGc","width":3991,"height":2661,"description":"Winding winter road through a snowy forest landscape","user__name":"adrian","urls__regular":"https://images.unsplash.com/photo-1484283886766-c1636edc1add?ixlib=rb-0.3.5&q=80&fm=jpg&crop=entropy&cs=tinysrgb&w=1080&fit=max&s=101196c22c17b225a54b5cfba615d2ea","urls__small":"https://images.unsplash.com/photo-1484283886766-c1636edc1add?ixlib=rb-0.3.5&q=80&fm=jpg&crop=entropy&cs=tinysrgb&w=400&fit=max&s=a1347516b984a8b8f150bdbdbb5bc2ed","urls__thumb":"https://images.unsplash.com/photo-1484283886766-c1636edc1add?ixlib=rb-0.3.5&q=80&fm=jpg&crop=entropy&cs=tinysrgb&w=200&fit=max&s=6c10497161492617435a98eeb33950d4","links__html":"https://unsplash.com/photos/kJcKpkL7vGc"},
{"id":"VLeQQkD8Jpo","width":5760,"height":3840,"description":"Happy woman in a hat and scarf stares in awe at snowy trees","user__name":"Alisa Anton","urls__regular":"https://images.unsplash.com/photo-1482227219897-3de543ae0993?ixlib=rb-0.3.5&q=80&fm=jpg&crop=entropy&cs=tinysrgb&w=1080&fit=max&s=f013f08b6d3792609d27865d9285f4ba","urls__small":"https://images.unsplash.com/photo-1482227219897-3de543ae0993?ixlib=rb-0.3.5&q=80&fm=jpg&crop=entropy&cs=tinysrgb&w=400&fit=max&s=a568049e32a51563a8dd541b6183b6ac","urls__thumb":"https://images.unsplash.com/photo-1482227219897-3de543ae0993?ixlib=rb-0.3.5&q=80&fm=jpg&crop=entropy&cs=tinysrgb&w=200&fit=max&s=c27a3dd9b478a19c93b1078d4e7e468b","links__html":"https://unsplash.com/photos/VLeQQkD8Jpo"},
{"id":"lNETu9zCwpM","width":4896,"height":3264,"description":"Snowy mountains and glacier covered in fog","user__name":"Gabriel Santiago","urls__regular":"https://images.unsplash.com/photo-1495127780552-a14eb19a381f?ixlib=rb-0.3.5&q=80&fm=jpg&crop=entropy&cs=tinysrgb&w=1080&fit=max&s=fb7621e08d33dc63578f060dd0977dfa","urls__small":"https://images.unsplash.com/photo-1495127780552-a14eb19a381f?ixlib=rb-0.3.5&q=80&fm=jpg&crop=entropy&cs=tinysrgb&w=400&fit=max&s=f11a2e75b880d0645570a38e33639048","urls__thumb":"https://images.unsplash.com/photo-1495127780552-a14eb19a381f?ixlib=rb-0.3.5&q=80&fm=jpg&crop=entropy&cs=tinysrgb&w=200&fit=max&s=5fd6f7ffca8755d2539601221a7bf74d","links__html":"https://unsplash.com/photos/lNETu9zCwpM"},
{"id":"KaDO53R3AHw","width":3576,"height":5363,"description":"A woman walking across the Brooklyn Bridge in winter attire","user__name":"Heather Shevlin","urls__regular":"https://images.unsplash.com/photo-1485016769068-f82050eb4757?ixlib=rb-0.3.5&q=80&fm=jpg&crop=entropy&cs=tinysrgb&w=1080&fit=max&s=6ba8f93f0dd0e6f2019a1e22d1a02fc9","urls__small":"https://images.unsplash.com/photo-1485016769068-f82050eb4757?ixlib=rb-0.3.5&q=80&fm=jpg&crop=entropy&cs=tinysrgb&w=400&fit=max&s=f71646758d617dc3303cd03d1d5a52b2","urls__thumb":"https://images.unsplash.com/photo-1485016769068-f82050eb4757?ixlib=rb-0.3.5&q=80&fm=jpg&crop=entropy&cs=tinysrgb&w=200&fit=max&s=fac4c283e198ac9438d6be8d5fd2301c","links__html":"https://unsplash.com/photos/KaDO53R3AHw"},
{"id":"-OF6_pKN2EM","width":4000,"height":3000,"description":"Pristine snowy winter alps shrouded in fog","user__name":"Luc van Loon","urls__regular":"https://images.unsplash.com/photo-1485116041646-7df1be71034f?ixlib=rb-0.3.5&q=80&fm=jpg&crop=entropy&cs=tinysrgb&w=1080&fit=max&s=29240e2126de8874be6ca9bf8dbb64ae","urls__small":"https://images.unsplash.com/photo-1485116041646-7df1be71034f?ixlib=rb-0.3.5&q=80&fm=jpg&crop=entropy&cs=tinysrgb&w=400&fit=max&s=1d393528d238617396985fc96afb59e7","urls__thumb":"https://images.unsplash.com/photo-1485116041646-7df1be71034f?ixlib=rb-0.3.5&q=80&fm=jpg&crop=entropy&cs=tinysrgb&w=200&fit=max&s=f51149d8ab89109341805be0475d28b6","links__html":"https://unsplash.com/photos/-OF6_pKN2EM"},
{"id":"dqE4raxMqlo","width":4000,"height":6000,"description":"A snow covered house shaped as a trial on a winter hill in Solitude Nordic Center in Utah","user__name":"Greg Rakozy","urls__regular":"https://images.unsplash.com/photo-1486944670663-e0a2ea5018eb?ixlib=rb-0.3.5&q=80&fm=jpg&crop=entropy&cs=tinysrgb&w=1080&fit=max&s=13c4c7560ec6bdf78ca5ae9034013250","urls__small":"https://images.unsplash.com/photo-1486944670663-e0a2ea5018eb?ixlib=rb-0.3.5&q=80&fm=jpg&crop=entropy&cs=tinysrgb&w=400&fit=max&s=dd7322457a815f8a50756d52f967d0d6","urls__thumb":"https://images.unsplash.com/photo-1486944670663-e0a2ea5018eb?ixlib=rb-0.3.5&q=80&fm=jpg&crop=entropy&cs=tinysrgb&w=200&fit=max&s=4de581d125d95bfb94654142d1b78692","links__html":"https://unsplash.com/photos/dqE4raxMqlo"},
{"id":"NJj3SZC7NNw","width":4000,"height":6000,"description":"Hiker in dark colors walks at the base of the snowy, icy Athabasca Glacier","user__name":"Redd Angelo","urls__regular":"https://images.unsplash.com/photo-1486533642670-177230e570c7?ixlib=rb-0.3.5&q=80&fm=jpg&crop=entropy&cs=tinysrgb&w=1080&fit=max&s=17f9a43edd06d4d850677c277a93e718","urls__small":"https://images.unsplash.com/photo-1486533642670-177230e570c7?ixlib=rb-0.3.5&q=80&fm=jpg&crop=entropy&cs=tinysrgb&w=400&fit=max&s=b5158130c1339f6f0b42a27e7ec26abe","urls__thumb":"https://images.unsplash.com/photo-1486533642670-177230e570c7?ixlib=rb-0.3.5&q=80&fm=jpg&crop=entropy&cs=tinysrgb&w=200&fit=max&s=23ec5e88cf5dc141076c7d5abcc7f171","links__html":"https://unsplash.com/photos/NJj3SZC7NNw"},
{"id":"eKCeVOfw4J8","width":4288,"height":2848,"description":"A group of trekkers climbing snow filled mountains with clear skies.","user__name":"Blaise Vonlanthen","urls__regular":"https://images.unsplash.com/photo-1498503603722-8de8df0beb96?ixlib=rb-0.3.5&q=80&fm=jpg&crop=entropy&cs=tinysrgb&w=1080&fit=max&s=71db08e8d3064b6a221c484328863615","urls__small":"https://images.unsplash.com/photo-1498503603722-8de8df0beb96?ixlib=rb-0.3.5&q=80&fm=jpg&crop=entropy&cs=tinysrgb&w=400&fit=max&s=f973ee3aacac275d87f4572a33ccbdf9","urls__thumb":"https://images.unsplash.com/photo-1498503603722-8de8df0beb96?ixlib=rb-0.3.5&q=80&fm=jpg&crop=entropy&cs=tinysrgb&w=200&fit=max&s=19ad7e208f983a4448b5fca34cf3a511","links__html":"https://unsplash.com/photos/eKCeVOfw4J8"},
{"id":"-5avyhZnXxo","width":5645,"height":7200,"description":"Cross country skiing through a snowy hillside in La Sal Mountains","user__name":"Brent Olson","urls__regular":"https://images.unsplash.com/photo-1494548341409-42a17bfcf8fc?ixlib=rb-0.3.5&q=80&fm=jpg&crop=entropy&cs=tinysrgb&w=1080&fit=max&s=19866811ff71a679bbda8ae39660fdcb","urls__small":"https://images.unsplash.com/photo-1494548341409-42a17bfcf8fc?ixlib=rb-0.3.5&q=80&fm=jpg&crop=entropy&cs=tinysrgb&w=400&fit=max&s=9ea4b1cd7c91db40ab327b204027ea7d","urls__thumb":"https://images.unsplash.com/photo-1494548341409-42a17bfcf8fc?ixlib=rb-0.3.5&q=80&fm=jpg&crop=entropy&cs=tinysrgb&w=200&fit=max&s=a9658149c69337abb51e0c5691cc2340","links__html":"https://unsplash.com/photos/-5avyhZnXxo"},
{"id":"zSJscpJBdPk","width":3000,"height":2000,"description":"Snow and ice encapsulate and extremely rigid mountain","user__name":"René Reichelt","urls__regular":"https://images.unsplash.com/photo-1487072846672-8f72d827480f?ixlib=rb-0.3.5&q=80&fm=jpg&crop=entropy&cs=tinysrgb&w=1080&fit=max&s=e08faa1fbe96c95e39ced6cf8d59c1e3","urls__small":"https://images.unsplash.com/photo-1487072846672-8f72d827480f?ixlib=rb-0.3.5&q=80&fm=jpg&crop=entropy&cs=tinysrgb&w=400&fit=max&s=3ffecbdfe314bc90b4ba9286bc87f16d","urls__thumb":"https://images.unsplash.com/photo-1487072846672-8f72d827480f?ixlib=rb-0.3.5&q=80&fm=jpg&crop=entropy&cs=tinysrgb&w=200&fit=max&s=7208ae821f4f33f99f245ebbde4f843a","links__html":"https://unsplash.com/photos/zSJscpJBdPk"},
{"id":"xAgvgQpYsf4","width":4896,"height":3264,"description":"Chalet house on the edge of a forest at the base of snow capped mountains","user__name":"Mike Kotsch","urls__regular":"https://images.unsplash.com/photo-1486496146582-9ffcd0b2b2b7?ixlib=rb-0.3.5&q=80&fm=jpg&crop=entropy&cs=tinysrgb&w=1080&fit=max&s=d0b1f7ad7395af4b1ae3e8a195982769","urls__small":"https://images.unsplash.com/photo-1486496146582-9ffcd0b2b2b7?ixlib=rb-0.3.5&q=80&fm=jpg&crop=entropy&cs=tinysrgb&w=400&fit=max&s=0f55748f4e8226e4f826cdeea2919a2c","urls__thumb":"https://images.unsplash.com/photo-1486496146582-9ffcd0b2b2b7?ixlib=rb-0.3.5&q=80&fm=jpg&crop=entropy&cs=tinysrgb&w=200&fit=max&s=3afa2a6dd1a6ee7b5fea8b45a074963c","links__html":"https://unsplash.com/photos/xAgvgQpYsf4"},
{"id":"Q1ledbRp4Ow","width":2937,"height":1958,"description":"A skier going down a snowy slope in Sellrain","user__name":"Simon Schoepf","urls__regular":"https://images.unsplash.com/photo-1486465179369-9844c95144e0?ixlib=rb-0.3.5&q=80&fm=jpg&crop=entropy&cs=tinysrgb&w=1080&fit=max&s=7679e96330b67d0c7c23931b07998d0d","urls__small":"https://images.unsplash.com/photo-1486465179369-9844c95144e0?ixlib=rb-0.3.5&q=80&fm=jpg&crop=entropy&cs=tinysrgb&w=400&fit=max&s=5378166e67cf74e2cb7eaeb690d1d129","urls__thumb":"https://images.unsplash.com/photo-1486465179369-9844c95144e0?ixlib=rb-0.3.5&q=80&fm=jpg&crop=entropy&cs=tinysrgb&w=200&fit=max&s=417c5c124bb94d3fdac7673ec908c62b","links__html":"https://unsplash.com/photos/Q1ledbRp4Ow"},
{"id":"-0QZEy3nCTA","width":5338,"height":3003,"description":"Looking down a clean road in Ziria, Greece with snow covered banks and trees on the sides","user__name":"Jason Blackeye","urls__regular":"https://images.unsplash.com/photo-1485363908131-7396ea607418?ixlib=rb-0.3.5&q=80&fm=jpg&crop=entropy&cs=tinysrgb&w=1080&fit=max&s=694ffd96ae117baaaa70781e396faae0","urls__small":"https://images.unsplash.com/photo-1485363908131-7396ea607418?ixlib=rb-0.3.5&q=80&fm=jpg&crop=entropy&cs=tinysrgb&w=400&fit=max&s=b7b0a0b874903c8ce61d9561e8a61ebc","urls__thumb":"https://images.unsplash.com/photo-1485363908131-7396ea607418?ixlib=rb-0.3.5&q=80&fm=jpg&crop=entropy&cs=tinysrgb&w=200&fit=max&s=d4d81cc175084ae415f8c8fa285cb657","links__html":"https://unsplash.com/photos/-0QZEy3nCTA"},
{"id":"RmZIUIF2S2Q","width":3861,"height":2574,"description":"A patch of thin trees with their branches covered in frost","user__name":"photo-nic.co.uk nic","urls__regular":"https://images.unsplash.com/photo-1484258565861-e23bd9f33e2b?ixlib=rb-0.3.5&q=80&fm=jpg&crop=entropy&cs=tinysrgb&w=1080&fit=max&s=0409f6403d52d1de4676e6ce844cfd0d","urls__small":"https://images.unsplash.com/photo-1484258565861-e23bd9f33e2b?ixlib=rb-0.3.5&q=80&fm=jpg&crop=entropy&cs=tinysrgb&w=400&fit=max&s=c2c3f2dcb7c170ce42f2c2961aa58982","urls__thumb":"https://images.unsplash.com/photo-1484258565861-e23bd9f33e2b?ixlib=rb-0.3.5&q=80&fm=jpg&crop=entropy&cs=tinysrgb&w=200&fit=max&s=24ed64a17579c5ec24e8a2c0c62a28f3","links__html":"https://unsplash.com/photos/RmZIUIF2S2Q"},
{"id":"iMIc5opk_90","width":6000,"height":4000,"description":"Snowy trees and mountains in Mount Hood National Forest","user__name":"adrian","urls__regular":"https://images.unsplash.com/photo-1481086330130-7c3b5b09c567?ixlib=rb-0.3.5&q=80&fm=jpg&crop=entropy&cs=tinysrgb&w=1080&fit=max&s=7b97a3d576e1984a1a30fbcf1582f253","urls__small":"https://images.unsplash.com/photo-1481086330130-7c3b5b09c567?ixlib=rb-0.3.5&q=80&fm=jpg&crop=entropy&cs=tinysrgb&w=400&fit=max&s=04f3fa075280626e06f408e28d24dc9e","urls__thumb":"https://images.unsplash.com/photo-1481086330130-7c3b5b09c567?ixlib=rb-0.3.5&q=80&fm=jpg&crop=entropy&cs=tinysrgb&w=200&fit=max&s=d8063aead855bb4d60e62633e3407baf","links__html":"https://unsplash.com/photos/iMIc5opk_90"},
{"id":"d3pTF3r_hwY","width":5472,"height":3648,"description":"Snowy mountains in the foreground and the distance","user__name":"Erol Ahmed","urls__regular":"https://images.unsplash.com/photo-1483921020237-2ff51e8e4b22?ixlib=rb-0.3.5&q=80&fm=jpg&crop=entropy&cs=tinysrgb&w=1080&fit=max&s=8e875fbb8bcad594349271d2b6dbdbe2","urls__small":"https://images.unsplash.com/photo-1483921020237-2ff51e8e4b22?ixlib=rb-0.3.5&q=80&fm=jpg&crop=entropy&cs=tinysrgb&w=400&fit=max&s=18177b42de7e510431c386215c00ade3","urls__thumb":"https://images.unsplash.com/photo-1483921020237-2ff51e8e4b22?ixlib=rb-0.3.5&q=80&fm=jpg&crop=entropy&cs=tinysrgb&w=200&fit=max&s=951e22214b9f318a9347ef872bf15a10","links__html":"https://unsplash.com/photos/d3pTF3r_hwY"},
{"id":"F4cloJo0PQM","width":4864,"height":3262,"description":"A hilled route along frozen mountaintops in Iceland","user__name":"Gemma Evans","urls__regular":"https://images.unsplash.com/photo-1483119624769-b1a73c256500?ixlib=rb-0.3.5&q=80&fm=jpg&crop=entropy&cs=tinysrgb&w=1080&fit=max&s=1a494de55162cd4c54ce7f51358c00fa","urls__small":"https://images.unsplash.com/photo-1483119624769-b1a73c256500?ixlib=rb-0.3.5&q=80&fm=jpg&crop=entropy&cs=tinysrgb&w=400&fit=max&s=81d42b8bf887bbb6760765ccc2d6236c","urls__thumb":"https://images.unsplash.com/photo-1483119624769-b1a73c256500?ixlib=rb-0.3.5&q=80&fm=jpg&crop=entropy&cs=tinysrgb&w=200&fit=max&s=cc318d779f8321054be69f227a24b499","links__html":"https://unsplash.com/photos/F4cloJo0PQM"},
{"id":"lawV2zcEGlE","width":3456,"height":5184,"description":"A far back view of people hiking up the glaciers at Langjokull in Iceland","user__name":"Claire Nolan","urls__regular":"https://images.unsplash.com/photo-1482778090591-caf9a0149412?ixlib=rb-0.3.5&q=80&fm=jpg&crop=entropy&cs=tinysrgb&w=1080&fit=max&s=57c93a7d7dc8ece29bc352ecfd8efc1c","urls__small":"https://images.unsplash.com/photo-1482778090591-caf9a0149412?ixlib=rb-0.3.5&q=80&fm=jpg&crop=entropy&cs=tinysrgb&w=400&fit=max&s=6d05950813f131bf9ccec748bab5a75e","urls__thumb":"https://images.unsplash.com/photo-1482778090591-caf9a0149412?ixlib=rb-0.3.5&q=80&fm=jpg&crop=entropy&cs=tinysrgb&w=200&fit=max&s=f0d00bf5f8ea9a4ea8d1290521258c83","links__html":"https://unsplash.com/photos/lawV2zcEGlE"},
{"id":"0k6MC6ZXJNc","width":6224,"height":4128,"description":"A drone view of a hilled forest covered in snow under a cloudy sky","user__name":"Les Anderson","urls__regular":"https://images.unsplash.com/photo-1481775151609-8432461b024c?ixlib=rb-0.3.5&q=80&fm=jpg&crop=entropy&cs=tinysrgb&w=1080&fit=max&s=6ed803815dcde94ae2765eaafae12bcd","urls__small":"https://images.unsplash.com/photo-1481775151609-8432461b024c?ixlib=rb-0.3.5&q=80&fm=jpg&crop=entropy&cs=tinysrgb&w=400&fit=max&s=1f91f31b777c2c1942f4abdf3109ec65","urls__thumb":"https://images.unsplash.com/photo-1481775151609-8432461b024c?ixlib=rb-0.3.5&q=80&fm=jpg&crop=entropy&cs=tinysrgb&w=200&fit=max&s=c2085914a1c85f475ff802cef0a8e1a1","links__html":"https://unsplash.com/photos/0k6MC6ZXJNc"},
{"id":"XYgVCMAT45k","width":2561,"height":4097,"description":"A distant shot of a bridge in a snowy mountain valley","user__name":"Jesse Brack","urls__regular":"https://images.unsplash.com/photo-1480487065545-c2ff74747d28?ixlib=rb-0.3.5&q=80&fm=jpg&crop=entropy&cs=tinysrgb&w=1080&fit=max&s=7d4db77d89fc0cf1c1365bb9abbed0c4","urls__small":"https://images.unsplash.com/photo-1480487065545-c2ff74747d28?ixlib=rb-0.3.5&q=80&fm=jpg&crop=entropy&cs=tinysrgb&w=400&fit=max&s=efb721a89359313c4eca02f8205fe546","urls__thumb":"https://images.unsplash.com/photo-1480487065545-c2ff74747d28?ixlib=rb-0.3.5&q=80&fm=jpg&crop=entropy&cs=tinysrgb&w=200&fit=max&s=07d8482729bb986b792c8a8b00038e9d","links__html":"https://unsplash.com/photos/XYgVCMAT45k"},
{"id":"wFEDZnjpFsE","width":11223,"height":7423,"description":"A woman with long hair in a red dress stands at the entrance of a snowy forest","user__name":"Hernan Sanchez","urls__regular":"https://images.unsplash.com/photo-1481078680473-67a75004beda?ixlib=rb-0.3.5&q=80&fm=jpg&crop=entropy&cs=tinysrgb&w=1080&fit=max&s=530c6a271c6f64dab9587379d596e588","urls__small":"https://images.unsplash.com/photo-1481078680473-67a75004beda?ixlib=rb-0.3.5&q=80&fm=jpg&crop=entropy&cs=tinysrgb&w=400&fit=max&s=57fd225b4bde0772bf454c08401bbe91","urls__thumb":"https://images.unsplash.com/photo-1481078680473-67a75004beda?ixlib=rb-0.3.5&q=80&fm=jpg&crop=entropy&cs=tinysrgb&w=200&fit=max&s=87ebc9b7cad27e3509264ecdaa485ef2","links__html":"https://unsplash.com/photos/wFEDZnjpFsE"},
{"id":"4knR_YzeUVc","width":5818,"height":3879,"description":"Ice on the black pebble beach at Jökulsárlón Iceberg Lagoon","user__name":"Andy Mai","urls__regular":"https://images.unsplash.com/photo-1456440286046-98764af9fd1b?ixlib=rb-0.3.5&q=80&fm=jpg&crop=entropy&cs=tinysrgb&w=1080&fit=max&s=a5b7192ad4facfa352da80a15d6eb8cc","urls__small":"https://images.unsplash.com/photo-1456440286046-98764af9fd1b?ixlib=rb-0.3.5&q=80&fm=jpg&crop=entropy&cs=tinysrgb&w=400&fit=max&s=404dc010ef043cbb51c49a049d6689ff","urls__thumb":"https://images.unsplash.com/photo-1456440286046-98764af9fd1b?ixlib=rb-0.3.5&q=80&fm=jpg&crop=entropy&cs=tinysrgb&w=200&fit=max&s=0d410a06f42feeb18c4d0e6387302d94","links__html":"https://unsplash.com/photos/4knR_YzeUVc"},
{"id":"FKyHyNowp-4","width":5760,"height":3840,"description":"Photographer holding out antique Nikon camera to take a picture of himself in snowy forest lake","user__name":"Jakob Owens","urls__regular":"https://images.unsplash.com/photo-1480365501497-199581be0e66?ixlib=rb-0.3.5&q=80&fm=jpg&crop=entropy&cs=tinysrgb&w=1080&fit=max&s=d86b2ca68f311743e852834d3fa7c0c9","urls__small":"https://images.unsplash.com/photo-1480365501497-199581be0e66?ixlib=rb-0.3.5&q=80&fm=jpg&crop=entropy&cs=tinysrgb&w=400&fit=max&s=99c67a8f9c573ed2a006e768269f7cf4","urls__thumb":"https://images.unsplash.com/photo-1480365501497-199581be0e66?ixlib=rb-0.3.5&q=80&fm=jpg&crop=entropy&cs=tinysrgb&w=200&fit=max&s=c263e1dad5f7b35b675c141583fe2240","links__html":"https://unsplash.com/photos/FKyHyNowp-4"},
{"id":"jcwIthC5oPI","width":4256,"height":2832,"description":"Frost covered tree branches in Netherlands","user__name":"Anna Popović","urls__regular":"https://images.unsplash.com/photo-1480114440414-43a37cc4472f?ixlib=rb-0.3.5&q=80&fm=jpg&crop=entropy&cs=tinysrgb&w=1080&fit=max&s=87494ba85eba205572e4a0e793838b56","urls__small":"https://images.unsplash.com/photo-1480114440414-43a37cc4472f?ixlib=rb-0.3.5&q=80&fm=jpg&crop=entropy&cs=tinysrgb&w=400&fit=max&s=b54be1de04cb137a648a417262d3c0bd","urls__thumb":"https://images.unsplash.com/photo-1480114440414-43a37cc4472f?ixlib=rb-0.3.5&q=80&fm=jpg&crop=entropy&cs=tinysrgb&w=200&fit=max&s=10be16982017a65ea7fa204f49dd46f3","links__html":"https://unsplash.com/photos/jcwIthC5oPI"},
{"id":"yn_x_igbgPc","width":4896,"height":3264,"description":"Scattered clouds over the snowy ridge of Gornergrat in the Alps","user__name":"Samuel Zeller","urls__regular":"https://images.unsplash.com/photo-1480339066136-cbded9b457ab?ixlib=rb-0.3.5&q=80&fm=jpg&crop=entropy&cs=tinysrgb&w=1080&fit=max&s=d7452623b77cbe2ec4a0857512149f4f","urls__small":"https://images.unsplash.com/photo-1480339066136-cbded9b457ab?ixlib=rb-0.3.5&q=80&fm=jpg&crop=entropy&cs=tinysrgb&w=400&fit=max&s=21d0581ad138786c9899709319071682","urls__thumb":"https://images.unsplash.com/photo-1480339066136-cbded9b457ab?ixlib=rb-0.3.5&q=80&fm=jpg&crop=entropy&cs=tinysrgb&w=200&fit=max&s=f9eb2be1f208314961f6f6f51d02ed92","links__html":"https://unsplash.com/photos/yn_x_igbgPc"},
{"id":"YvhIoYnpDkA","width":5664,"height":3664,"description":"An ominous shot of a tall mountain shrouded in thick clouds in Banff","user__name":"Chris Osmond","urls__regular":"https://images.unsplash.com/photo-1478194409487-fa5c1eb18622?ixlib=rb-0.3.5&q=80&fm=jpg&crop=entropy&cs=tinysrgb&w=1080&fit=max&s=5706a744748d88b341136426c55ed7c1","urls__small":"https://images.unsplash.com/photo-1478194409487-fa5c1eb18622?ixlib=rb-0.3.5&q=80&fm=jpg&crop=entropy&cs=tinysrgb&w=400&fit=max&s=c8aee1542ebd231ec15618895e2584a2","urls__thumb":"https://images.unsplash.com/photo-1478194409487-fa5c1eb18622?ixlib=rb-0.3.5&q=80&fm=jpg&crop=entropy&cs=tinysrgb&w=200&fit=max&s=12c8cc6e2d2d93b8f456e728f55ad014","links__html":"https://unsplash.com/photos/YvhIoYnpDkA"},
{"id":"RMlGmGSdFpY","width":2900,"height":1926,"description":"A bicycle in the middle of an asphalt road surrounded by trees covered in snow during winter in Skopje","user__name":"Petar Petkovski","urls__regular":"https://images.unsplash.com/photo-1478025230397-1f44066c235b?ixlib=rb-0.3.5&q=80&fm=jpg&crop=entropy&cs=tinysrgb&w=1080&fit=max&s=ac7d03dc619c017200d9e9a0b967d812","urls__small":"https://images.unsplash.com/photo-1478025230397-1f44066c235b?ixlib=rb-0.3.5&q=80&fm=jpg&crop=entropy&cs=tinysrgb&w=400&fit=max&s=df87511c25db1571eff4bc917f44ade0","urls__thumb":"https://images.unsplash.com/photo-1478025230397-1f44066c235b?ixlib=rb-0.3.5&q=80&fm=jpg&crop=entropy&cs=tinysrgb&w=200&fit=max&s=3cc3fdd2f1675d81824428a5fc2340b5","links__html":"https://unsplash.com/photos/RMlGmGSdFpY"},
{"id":"G4su92tyImI","width":4288,"height":2848,"description":"A person walking in the forest through tall pine trees in the snow","user__name":"Mārtiņš Zemlickis","urls__regular":"https://images.unsplash.com/photo-1452374808405-b299befc8639?ixlib=rb-0.3.5&q=80&fm=jpg&crop=entropy&cs=tinysrgb&w=1080&fit=max&s=cf056fff7894530859d9c79430b8249f","urls__small":"https://images.unsplash.com/photo-1452374808405-b299befc8639?ixlib=rb-0.3.5&q=80&fm=jpg&crop=entropy&cs=tinysrgb&w=400&fit=max&s=bf22d81c4b0443d651845f362aca34ba","urls__thumb":"https://images.unsplash.com/photo-1452374808405-b299befc8639?ixlib=rb-0.3.5&q=80&fm=jpg&crop=entropy&cs=tinysrgb&w=200&fit=max&s=6afd9e8854bf3f3419e39841c75b7732","links__html":"https://unsplash.com/photos/G4su92tyImI"},
{"id":"jBlynjgG5OM","width":4896,"height":3264,"description":"Snow covered lake during a blizzard with frozen water throughout","user__name":"Adam Excell","urls__regular":"https://images.unsplash.com/photo-1433215735557-911693026827?ixlib=rb-0.3.5&q=80&fm=jpg&crop=entropy&cs=tinysrgb&w=1080&fit=max&s=84b44b9eb6ffcd5aecc35d4d46fc0104","urls__small":"https://images.unsplash.com/photo-1433215735557-911693026827?ixlib=rb-0.3.5&q=80&fm=jpg&crop=entropy&cs=tinysrgb&w=400&fit=max&s=b3cf3297f6ae6b36abee243db681012e","urls__thumb":"https://images.unsplash.com/photo-1433215735557-911693026827?ixlib=rb-0.3.5&q=80&fm=jpg&crop=entropy&cs=tinysrgb&w=200&fit=max&s=10437bba274884ec2098589a54f3d865","links__html":"https://unsplash.com/photos/jBlynjgG5OM"},
{"id":"lKoCqTY1inQ","width":4800,"height":3200,"description":"A large tree branch sitting in the snow","user__name":"Stephen Ellis","urls__regular":"https://images.unsplash.com/photo-1476824033086-706c9a36f7f4?ixlib=rb-0.3.5&q=80&fm=jpg&crop=entropy&cs=tinysrgb&w=1080&fit=max&s=0529782fed225d5b08f38abaadaa15b1","urls__small":"https://images.unsplash.com/photo-1476824033086-706c9a36f7f4?ixlib=rb-0.3.5&q=80&fm=jpg&crop=entropy&cs=tinysrgb&w=400&fit=max&s=6576da94dd63e2667a5be045298ddf53","urls__thumb":"https://images.unsplash.com/photo-1476824033086-706c9a36f7f4?ixlib=rb-0.3.5&q=80&fm=jpg&crop=entropy&cs=tinysrgb&w=200&fit=max&s=f3432a9673298b0e56417f3e582d46aa","links__html":"https://unsplash.com/photos/lKoCqTY1inQ"},
{"id":"5f_bbfKx0gw","width":3264,"height":2448,"description":"A man standing at the edge of a rock looking at the tall mountains and pond","user__name":"Erik Sandybaev","urls__regular":"https://images.unsplash.com/photo-1446470031315-c47a015f36f2?ixlib=rb-0.3.5&q=80&fm=jpg&crop=entropy&cs=tinysrgb&w=1080&fit=max&s=77724c12a22f7e46e8ce49561ebaef0c","urls__small":"https://images.unsplash.com/photo-1446470031315-c47a015f36f2?ixlib=rb-0.3.5&q=80&fm=jpg&crop=entropy&cs=tinysrgb&w=400&fit=max&s=0ad62f7d289b258bf10aa0624110dd21","urls__thumb":"https://images.unsplash.com/photo-1446470031315-c47a015f36f2?ixlib=rb-0.3.5&q=80&fm=jpg&crop=entropy&cs=tinysrgb&w=200&fit=max&s=5b61bb0fe5e13dbdfdc721477a5a6624","links__html":"https://unsplash.com/photos/5f_bbfKx0gw"},
{"id":"0vw4InAC-yM","width":6299,"height":4724,"description":"A mountain ridge under a snow blanket on a cloudless day","user__name":"Wladislaw Sokolowskij","urls__regular":"https://images.unsplash.com/photo-1476108621677-3c620901b5e7?ixlib=rb-0.3.5&q=80&fm=jpg&crop=entropy&cs=tinysrgb&w=1080&fit=max&s=7dadb6a52dead56b2eef5ad8eded4d31","urls__small":"https://images.unsplash.com/photo-1476108621677-3c620901b5e7?ixlib=rb-0.3.5&q=80&fm=jpg&crop=entropy&cs=tinysrgb&w=400&fit=max&s=1764bc1b99a1f116b7d47db399d94ac1","urls__thumb":"https://images.unsplash.com/photo-1476108621677-3c620901b5e7?ixlib=rb-0.3.5&q=80&fm=jpg&crop=entropy&cs=tinysrgb&w=200&fit=max&s=4ab6d18581ce2cd8733aea519619d3c0","links__html":"https://unsplash.com/photos/0vw4InAC-yM"},
{"id":"WP0WZ28lTUE","width":7286,"height":4704,"description":"A hiker looks out onto snowy mountains","user__name":"Dino Reichmuth","urls__regular":"https://images.unsplash.com/photo-1460891053196-b9d4d9483d9b?ixlib=rb-0.3.5&q=80&fm=jpg&crop=entropy&cs=tinysrgb&w=1080&fit=max&s=1ffb07a198c92e073f25078cadcd2d89","urls__small":"https://images.unsplash.com/photo-1460891053196-b9d4d9483d9b?ixlib=rb-0.3.5&q=80&fm=jpg&crop=entropy&cs=tinysrgb&w=400&fit=max&s=e4c9243148d762b4b4c53f443b950b15","urls__thumb":"https://images.unsplash.com/photo-1460891053196-b9d4d9483d9b?ixlib=rb-0.3.5&q=80&fm=jpg&crop=entropy&cs=tinysrgb&w=200&fit=max&s=b294960fe0f7fcff6364d92424ab9323","links__html":"https://unsplash.com/photos/WP0WZ28lTUE"},
{"id":"BpV3unwglKk","width":4608,"height":3072,"description":"A thick layer of snow covers a mountain pass in Ancelle","user__name":"jonathan romain","urls__regular":"https://images.unsplash.com/photo-1475565924564-a53d58a1b922?ixlib=rb-0.3.5&q=80&fm=jpg&crop=entropy&cs=tinysrgb&w=1080&fit=max&s=1f74b7b0a57c5ff7bcdb76c815de3530","urls__small":"https://images.unsplash.com/photo-1475565924564-a53d58a1b922?ixlib=rb-0.3.5&q=80&fm=jpg&crop=entropy&cs=tinysrgb&w=400&fit=max&s=bd750d2a4333c38251dc9b51c9eeb92d","urls__thumb":"https://images.unsplash.com/photo-1475565924564-a53d58a1b922?ixlib=rb-0.3.5&q=80&fm=jpg&crop=entropy&cs=tinysrgb&w=200&fit=max&s=c1dd972cefa2d8a46f1332cb07ab3c49","links__html":"https://unsplash.com/photos/BpV3unwglKk"},
{"id":"VM42BbVCf_0","width":5616,"height":3744,"description":"A person in a tent with their feet out the opening camping on a snow covered mountain in Deer Creek Reservation.","user__name":"Colby Thomas","urls__regular":"https://images.unsplash.com/photo-1459378560864-f0b73495599c?ixlib=rb-0.3.5&q=80&fm=jpg&crop=entropy&cs=tinysrgb&w=1080&fit=max&s=3170060cf1e72ad146b52d2866fa230e","urls__small":"https://images.unsplash.com/photo-1459378560864-f0b73495599c?ixlib=rb-0.3.5&q=80&fm=jpg&crop=entropy&cs=tinysrgb&w=400&fit=max&s=fbbdddac098bb43adccacf635027ae96","urls__thumb":"https://images.unsplash.com/photo-1459378560864-f0b73495599c?ixlib=rb-0.3.5&q=80&fm=jpg&crop=entropy&cs=tinysrgb&w=200&fit=max&s=dde39d073abaea202b6194f82ef9a6d5","links__html":"https://unsplash.com/photos/VM42BbVCf_0"},
{"id":"4Lfod5LAlW0","width":5184,"height":3456,"description":"A lady with a red sweater and a black brimmed hat staring into the winter forest in Kintamani, Bali","user__name":"IB Wira Dyatmika","urls__regular":"https://images.unsplash.com/photo-1469793032099-27d09c984b8b?ixlib=rb-0.3.5&q=80&fm=jpg&crop=entropy&cs=tinysrgb&w=1080&fit=max&s=2cef18f5e570731305fb0e78f39119a4","urls__small":"https://images.unsplash.com/photo-1469793032099-27d09c984b8b?ixlib=rb-0.3.5&q=80&fm=jpg&crop=entropy&cs=tinysrgb&w=400&fit=max&s=e1a779909cbe8d00f792da6abe729cf2","urls__thumb":"https://images.unsplash.com/photo-1469793032099-27d09c984b8b?ixlib=rb-0.3.5&q=80&fm=jpg&crop=entropy&cs=tinysrgb&w=200&fit=max&s=6fbc39cadf164c7b4c85c70d0edef7ae","links__html":"https://unsplash.com/photos/4Lfod5LAlW0"},
{"id":"r0q06hjTgOc","width":4592,"height":3064,"description":"Man standing in blue aqua glacier cave tunnel in Iceland, Vatnajökull National Park","user__name":"Davide Cantelli","urls__regular":"https://images.unsplash.com/photo-1474710820418-dd5406ee35d5?ixlib=rb-0.3.5&q=80&fm=jpg&crop=entropy&cs=tinysrgb&w=1080&fit=max&s=e1ff87abacc777207f379a687a9975ac","urls__small":"https://images.unsplash.com/photo-1474710820418-dd5406ee35d5?ixlib=rb-0.3.5&q=80&fm=jpg&crop=entropy&cs=tinysrgb&w=400&fit=max&s=5edea35039630ee7ea09567bc0a12d7a","urls__thumb":"https://images.unsplash.com/photo-1474710820418-dd5406ee35d5?ixlib=rb-0.3.5&q=80&fm=jpg&crop=entropy&cs=tinysrgb&w=200&fit=max&s=70fd9e3fcb792f9e69698c0418b9c6b7","links__html":"https://unsplash.com/photos/r0q06hjTgOc"},
{"id":"8P1ImpCGvno","width":4928,"height":3264,"description":"A person standing in front of a mountain pond at the Grisons canton in Switzerland","user__name":"Cristina Munteanu","urls__regular":"https://images.unsplash.com/photo-1474909409572-e05dcf0b081e?ixlib=rb-0.3.5&q=80&fm=jpg&crop=entropy&cs=tinysrgb&w=1080&fit=max&s=a79f4138089e8a8c5e3e0522248b8131","urls__small":"https://images.unsplash.com/photo-1474909409572-e05dcf0b081e?ixlib=rb-0.3.5&q=80&fm=jpg&crop=entropy&cs=tinysrgb&w=400&fit=max&s=593fd3b852a691b466fed259e08eb02d","urls__thumb":"https://images.unsplash.com/photo-1474909409572-e05dcf0b081e?ixlib=rb-0.3.5&q=80&fm=jpg&crop=entropy&cs=tinysrgb&w=200&fit=max&s=d8b8982e4725ca14ebbb2dcbf225c866","links__html":"https://unsplash.com/photos/8P1ImpCGvno"},
{"id":"LHlwgjbSo3k","width":3742,"height":2495,"description":"A snowy mountain ridge with thick clouds stretching over the land to the horizon","user__name":"julian mora","urls__regular":"https://images.unsplash.com/photo-1474903914960-c3f6602ebb5a?ixlib=rb-0.3.5&q=80&fm=jpg&crop=entropy&cs=tinysrgb&w=1080&fit=max&s=080378aab9f3c4a1e2820e83a702abdc","urls__small":"https://images.unsplash.com/photo-1474903914960-c3f6602ebb5a?ixlib=rb-0.3.5&q=80&fm=jpg&crop=entropy&cs=tinysrgb&w=400&fit=max&s=232d63446609c1d5b2f3a65509836a34","urls__thumb":"https://images.unsplash.com/photo-1474903914960-c3f6602ebb5a?ixlib=rb-0.3.5&q=80&fm=jpg&crop=entropy&cs=tinysrgb&w=200&fit=max&s=341c9bc0972d754c04b3401d6c7047d1","links__html":"https://unsplash.com/photos/LHlwgjbSo3k"},
{"id":"iVESaKuMtFw","width":2048,"height":1474,"description":"The reflection of a snow covered rock in dark blue water","user__name":"Teddy Kelley","urls__regular":"https://images.unsplash.com/photo-1455732334493-62273d50dcf4?ixlib=rb-0.3.5&q=80&fm=jpg&crop=entropy&cs=tinysrgb&w=1080&fit=max&s=fd06c5d4b82f578f54811b81c2c9f792","urls__small":"https://images.unsplash.com/photo-1455732334493-62273d50dcf4?ixlib=rb-0.3.5&q=80&fm=jpg&crop=entropy&cs=tinysrgb&w=400&fit=max&s=0488fb8996ed2b155f70b801e7987fed","urls__thumb":"https://images.unsplash.com/photo-1455732334493-62273d50dcf4?ixlib=rb-0.3.5&q=80&fm=jpg&crop=entropy&cs=tinysrgb&w=200&fit=max&s=7ad32e6a9a209358f66edbc2aec31a20","links__html":"https://unsplash.com/photos/iVESaKuMtFw"},
{"id":"tME8s001BNQ","width":4928,"height":3264,"description":"Cold clouds cover Caucasus Mountains on a foggy winter day","user__name":"Sylwia Bartyzel","urls__regular":"https://images.unsplash.com/photo-1469053913977-1d2f009670d9?ixlib=rb-0.3.5&q=80&fm=jpg&crop=entropy&cs=tinysrgb&w=1080&fit=max&s=679e14b46e4d30e6e1291f6eac37dabc","urls__small":"https://images.unsplash.com/photo-1469053913977-1d2f009670d9?ixlib=rb-0.3.5&q=80&fm=jpg&crop=entropy&cs=tinysrgb&w=400&fit=max&s=0e71e40d271aeb112a698af1dd3790ac","urls__thumb":"https://images.unsplash.com/photo-1469053913977-1d2f009670d9?ixlib=rb-0.3.5&q=80&fm=jpg&crop=entropy&cs=tinysrgb&w=200&fit=max&s=baf684e4faf33e5d5a24a5b36ff1da40","links__html":"https://unsplash.com/photos/tME8s001BNQ"},
{"id":"a562ZEFKW8I","width":5760,"height":3840,"description":"The snow-covered Mount Cook on a cold morning","user__name":"Aleksandar Jason","urls__regular":"https://images.unsplash.com/photo-1473984951266-787b955c9e0b?ixlib=rb-0.3.5&q=80&fm=jpg&crop=entropy&cs=tinysrgb&w=1080&fit=max&s=d9c4d04e50df882cb1d09cdddb7e673d","urls__small":"https://images.unsplash.com/photo-1473984951266-787b955c9e0b?ixlib=rb-0.3.5&q=80&fm=jpg&crop=entropy&cs=tinysrgb&w=400&fit=max&s=429a4b7811031ae170246007e9765281","urls__thumb":"https://images.unsplash.com/photo-1473984951266-787b955c9e0b?ixlib=rb-0.3.5&q=80&fm=jpg&crop=entropy&cs=tinysrgb&w=200&fit=max&s=b7429fbf3a6fcac4cfc550d3facf4baf","links__html":"https://unsplash.com/photos/a562ZEFKW8I"},
{"id":"OdAqbedkfiA","width":1500,"height":2250,"description":"Dark silhouettes of conifers against the white background of snowy peaks","user__name":"Sylwia Bartyzel","urls__regular":"https://images.unsplash.com/28/tree-sky.jpg?ixlib=rb-0.3.5&q=80&fm=jpg&crop=entropy&cs=tinysrgb&w=1080&fit=max&s=15de4aacc2003774753651926cc3d961","urls__small":"https://images.unsplash.com/28/tree-sky.jpg?ixlib=rb-0.3.5&q=80&fm=jpg&crop=entropy&cs=tinysrgb&w=400&fit=max&s=4a3096dd61b0e232e310343cf050283e","urls__thumb":"https://images.unsplash.com/28/tree-sky.jpg?ixlib=rb-0.3.5&q=80&fm=jpg&crop=entropy&cs=tinysrgb&w=200&fit=max&s=56949d5f1251b7c4701e922ce872be51","links__html":"https://unsplash.com/photos/OdAqbedkfiA"},
{"id":"OS3pW3b78Cg","width":5482,"height":8085,"description":"Snow melting on rigid mountain top surrounded in fog","user__name":"Nathan Anderson","urls__regular":"https://images.unsplash.com/photo-1465438503376-a2a921c57ffa?ixlib=rb-0.3.5&q=80&fm=jpg&crop=entropy&cs=tinysrgb&w=1080&fit=max&s=b2be8e0a2521319c7bdcc11de227bafe","urls__small":"https://images.unsplash.com/photo-1465438503376-a2a921c57ffa?ixlib=rb-0.3.5&q=80&fm=jpg&crop=entropy&cs=tinysrgb&w=400&fit=max&s=dcd9cf7d648d8773235d42bd42f695e3","urls__thumb":"https://images.unsplash.com/photo-1465438503376-a2a921c57ffa?ixlib=rb-0.3.5&q=80&fm=jpg&crop=entropy&cs=tinysrgb&w=200&fit=max&s=1f2f3441cc3430be5db23311796bffa2","links__html":"https://unsplash.com/photos/OS3pW3b78Cg"},
{"id":"W3V2tQAZxPA","width":5184,"height":3456,"description":"Snow covered evergreen forest on a foggy day","user__name":"Ryan Pohanic","urls__regular":"https://images.unsplash.com/photo-1427955569621-3e494de2b1d2?ixlib=rb-0.3.5&q=80&fm=jpg&crop=entropy&cs=tinysrgb&w=1080&fit=max&s=5faa34ad888758dd31e6b59abc698cc5","urls__small":"https://images.unsplash.com/photo-1427955569621-3e494de2b1d2?ixlib=rb-0.3.5&q=80&fm=jpg&crop=entropy&cs=tinysrgb&w=400&fit=max&s=8f53272289a5f4cb67d608d7dee8faf6","urls__thumb":"https://images.unsplash.com/photo-1427955569621-3e494de2b1d2?ixlib=rb-0.3.5&q=80&fm=jpg&crop=entropy&cs=tinysrgb&w=200&fit=max&s=bd0c1cf4a9b7a4f7ad1c95f57bb64e20","links__html":"https://unsplash.com/photos/W3V2tQAZxPA"},
{"id":"hZ0px3peFHs","width":4608,"height":3456,"description":"Mist rolling across rocky hills and forest slopes of the Yosemite Valley","user__name":"Andrew Ridley","urls__regular":"https://images.unsplash.com/photo-1451378515848-1a949bafeadd?ixlib=rb-0.3.5&q=80&fm=jpg&crop=entropy&cs=tinysrgb&w=1080&fit=max&s=8a1fa90cd6c295fe6a539e78b3cd3db1","urls__small":"https://images.unsplash.com/photo-1451378515848-1a949bafeadd?ixlib=rb-0.3.5&q=80&fm=jpg&crop=entropy&cs=tinysrgb&w=400&fit=max&s=985253e2a18a9168cb1acaccc73b1504","urls__thumb":"https://images.unsplash.com/photo-1451378515848-1a949bafeadd?ixlib=rb-0.3.5&q=80&fm=jpg&crop=entropy&cs=tinysrgb&w=200&fit=max&s=449ef7a0353eb7f6acc6ac527fa5981d","links__html":"https://unsplash.com/photos/hZ0px3peFHs"},
{"id":"oGOvIOPIpag","width":3888,"height":2592,"description":"Light clouds in the sky above a mighty mountain near Machhapuchhre Base Camp","user__name":"Filip Jánoš","urls__regular":"https://images.unsplash.com/photo-1474294101831-f103d3eb4d48?ixlib=rb-0.3.5&q=80&fm=jpg&crop=entropy&cs=tinysrgb&w=1080&fit=max&s=bbfc275b2c888112c8290de10b840e23","urls__small":"https://images.unsplash.com/photo-1474294101831-f103d3eb4d48?ixlib=rb-0.3.5&q=80&fm=jpg&crop=entropy&cs=tinysrgb&w=400&fit=max&s=90febcab7a039685f6abfb4754d70f85","urls__thumb":"https://images.unsplash.com/photo-1474294101831-f103d3eb4d48?ixlib=rb-0.3.5&q=80&fm=jpg&crop=entropy&cs=tinysrgb&w=200&fit=max&s=e3c1637f885e7874aa8c8677dc018802","links__html":"https://unsplash.com/photos/oGOvIOPIpag"}]
