[{"description":"House Covered With Red Flowering Plant","urls__small":"https://images.pexels.com/photos/1438248/pexels-photo-1438248.jpeg?auto=compress&cs=tinysrgb&h=400&w=600&fit=crop"},
{"description":"Lighted Happy Birthday Candles","urls__small":"https://images.pexels.com/photos/1415557/pexels-photo-1415557.jpeg?auto=compress&cs=tinysrgb&h=400&w=600&fit=crop"},
{"description":"Device Displaying 00:00","urls__small":"https://images.pexels.com/photos/1447235/pexels-photo-1447235.jpeg?auto=compress&cs=tinysrgb&h=400&w=600&fit=crop"},
{"description":"Snow Covered Mountain ","urls__small":"https://images.pexels.com/photos/1428277/pexels-photo-1428277.jpeg?auto=compress&cs=tinysrgb&h=400&w=600&fit=crop"},
{"description":"Green Leaves Photo","urls__small":"https://images.pexels.com/photos/1418116/pexels-photo-1418116.jpeg?auto=compress&cs=tinysrgb&h=400&w=600&fit=crop"},
{"description":"Starry Night","urls__small":"https://images.pexels.com/photos/1421903/pexels-photo-1421903.jpeg?auto=compress&cs=tinysrgb&h=400&w=600&fit=crop"},
{"description":"Bird's Eye View of Seashore","urls__small":"https://images.pexels.com/photos/1426827/pexels-photo-1426827.jpeg?auto=compress&cs=tinysrgb&h=400&w=600&fit=crop"},
{"description":"Person's Hands With Paint","urls__small":"https://images.pexels.com/photos/1428171/pexels-photo-1428171.jpeg?auto=compress&cs=tinysrgb&h=400&w=600&fit=crop"},
{"description":"Aerial Photography of Trees","urls__small":"https://images.pexels.com/photos/1438761/pexels-photo-1438761.jpeg?auto=compress&cs=tinysrgb&h=400&w=600&fit=crop"},
{"description":"Brown House Near Mountain","urls__small":"https://images.pexels.com/photos/1424246/pexels-photo-1424246.jpeg?auto=compress&cs=tinysrgb&h=400&w=600&fit=crop"},
{"description":"Three Persons Sitting on the Stairs Talking With Each Other","urls__small":"https://images.pexels.com/photos/1438072/pexels-photo-1438072.jpeg?auto=compress&cs=tinysrgb&h=400&w=600&fit=crop"},
{"description":"Barn in the Middle of Snow Covered Land","urls__small":"https://images.pexels.com/photos/1417651/pexels-photo-1417651.jpeg?auto=compress&cs=tinysrgb&h=400&w=600&fit=crop"},
{"description":"Bird's Eye View Island","urls__small":"https://images.pexels.com/photos/1433052/pexels-photo-1433052.jpeg?auto=compress&cs=tinysrgb&h=400&w=600&fit=crop"},
{"description":"Woman Holding Bunch Of Sunflowers","urls__small":"https://images.pexels.com/photos/1427879/pexels-photo-1427879.jpeg?auto=compress&cs=tinysrgb&h=400&w=600&fit=crop"},
{"description":"Woman Wearing Bikini","urls__small":"https://images.pexels.com/photos/1451799/pexels-photo-1451799.jpeg?auto=compress&cs=tinysrgb&h=400&w=600&fit=crop"},
{"description":"Hot Air Balloon in Air","urls__small":"https://images.pexels.com/photos/1436129/pexels-photo-1436129.jpeg?auto=compress&cs=tinysrgb&h=400&w=600&fit=crop"},
{"description":"Blue Sea","urls__small":"https://images.pexels.com/photos/1430677/pexels-photo-1430677.jpeg?auto=compress&cs=tinysrgb&h=400&w=600&fit=crop"},
{"description":"Green Grass Field and Mountain Under Gray Clouds","urls__small":"https://images.pexels.com/photos/1448645/pexels-photo-1448645.jpeg?auto=compress&cs=tinysrgb&h=400&w=600&fit=crop"},
{"description":"Flatlay Photography Of Sliced Citrus Fruits On Marble Surface","urls__small":"https://images.pexels.com/photos/1411677/pexels-photo-1411677.jpeg?auto=compress&cs=tinysrgb&h=400&w=600&fit=crop"},
{"description":"Person Holding Camera With Red Lights on Lens","urls__small":"https://images.pexels.com/photos/1413906/pexels-photo-1413906.jpeg?auto=compress&cs=tinysrgb&h=400&w=600&fit=crop"},
{"description":"Bird's Eye View of Forest and Mountain","urls__small":"https://images.pexels.com/photos/1428685/pexels-photo-1428685.jpeg?auto=compress&cs=tinysrgb&h=400&w=600&fit=crop"},
{"description":"Man and Woman Holding Wine Glasses","urls__small":"https://images.pexels.com/photos/1418355/pexels-photo-1418355.jpeg?auto=compress&cs=tinysrgb&h=400&w=600&fit=crop"},
{"description":"Standing Man on Seashore Taking Selfie","urls__small":"https://images.pexels.com/photos/1437864/pexels-photo-1437864.jpeg?auto=compress&cs=tinysrgb&h=400&w=600&fit=crop"},
{"description":"Audi Parked near Trees","urls__small":"https://images.pexels.com/photos/1402787/pexels-photo-1402787.jpeg?auto=compress&cs=tinysrgb&h=400&w=600&fit=crop"},
{"description":"Free stock black-and-white, people, men, model","urls__small":"https://images.pexels.com/photos/1414787/pexels-photo-1414787.jpeg?auto=compress&cs=tinysrgb&h=400&w=600&fit=crop"},
{"description":"Purple Flowers","urls__small":"https://images.pexels.com/photos/1412146/pexels-photo-1412146.jpeg?auto=compress&cs=tinysrgb&h=400&w=600&fit=crop"},
{"description":"Eye-level Train Tracks Surrounded With Trees","urls__small":"https://images.pexels.com/photos/1448899/pexels-photo-1448899.jpeg?auto=compress&cs=tinysrgb&h=400&w=600&fit=crop"},
{"description":"Two Women Walking Side By Side ","urls__small":"https://images.pexels.com/photos/1426191/pexels-photo-1426191.jpeg?auto=compress&cs=tinysrgb&h=400&w=600&fit=crop"},
{"description":"Bird's-eye View of Sea Waves","urls__small":"https://images.pexels.com/photos/1421264/pexels-photo-1421264.jpeg?auto=compress&cs=tinysrgb&h=400&w=600&fit=crop"},
{"description":"Close-Up Laying Cat","urls__small":"https://images.pexels.com/photos/1444492/pexels-photo-1444492.jpeg?auto=compress&cs=tinysrgb&h=400&w=600&fit=crop"},
{"description":"People Riding A Jet Ski","urls__small":"https://images.pexels.com/photos/1430675/pexels-photo-1430675.jpeg?auto=compress&cs=tinysrgb&h=400&w=600&fit=crop"},
{"description":"Lighted Buildings at Night","urls__small":"https://images.pexels.com/photos/1436119/pexels-photo-1436119.jpeg?auto=compress&cs=tinysrgb&h=400&w=600&fit=crop"},
{"description":"Woman Standing in Dim-lighted Room","urls__small":"https://images.pexels.com/photos/1408183/pexels-photo-1408183.jpeg?auto=compress&cs=tinysrgb&h=400&w=600&fit=crop"},
{"description":"Orange Plastic Bucket","urls__small":"https://images.pexels.com/photos/1406352/pexels-photo-1406352.jpeg?auto=compress&cs=tinysrgb&h=400&w=600&fit=crop"},
{"description":"Silhouette Mountain and Calm Body of Water","urls__small":"https://images.pexels.com/photos/1421898/pexels-photo-1421898.jpeg?auto=compress&cs=tinysrgb&h=400&w=600&fit=crop"},
{"description":"Smiling Woman Sitting Inside Car","urls__small":"https://images.pexels.com/photos/1399282/pexels-photo-1399282.jpeg?auto=compress&cs=tinysrgb&h=400&w=600&fit=crop"},
{"description":"Selective Focus Photography of Woman Wear Sunglasses","urls__small":"https://images.pexels.com/photos/1436962/pexels-photo-1436962.jpeg?auto=compress&cs=tinysrgb&h=400&w=600&fit=crop"},
{"description":"Empty Sofa Beside Wall","urls__small":"https://images.pexels.com/photos/1439965/pexels-photo-1439965.jpeg?auto=compress&cs=tinysrgb&h=400&w=600&fit=crop"},
{"description":"Green Parrot","urls__small":"https://images.pexels.com/photos/1438163/pexels-photo-1438163.jpeg?auto=compress&cs=tinysrgb&h=400&w=600&fit=crop"},
{"description":"High-rise Buildings","urls__small":"https://images.pexels.com/photos/1434580/pexels-photo-1434580.jpeg?auto=compress&cs=tinysrgb&h=400&w=600&fit=crop"},
{"description":"Top View Ceramic Mugs Filled With Coffees","urls__small":"https://images.pexels.com/photos/1415555/pexels-photo-1415555.jpeg?auto=compress&cs=tinysrgb&h=400&w=600&fit=crop"},
{"description":"House Near Mountain","urls__small":"https://images.pexels.com/photos/1428787/pexels-photo-1428787.jpeg?auto=compress&cs=tinysrgb&h=400&w=600&fit=crop"},
{"description":"Birds on Air Near Snow Covered Mountain Surrounded With Water","urls__small":"https://images.pexels.com/photos/1398058/pexels-photo-1398058.jpeg?auto=compress&cs=tinysrgb&h=400&w=600&fit=crop"},
{"description":"Selective Focus Photography of Cat Lying Next to Glass Jar","urls__small":"https://images.pexels.com/photos/1443710/pexels-photo-1443710.jpeg?auto=compress&cs=tinysrgb&h=400&w=600&fit=crop"},
{"description":"Close-Up Photography of Parked Motorcycle","urls__small":"https://images.pexels.com/photos/1413412/pexels-photo-1413412.jpeg?auto=compress&cs=tinysrgb&h=400&w=600&fit=crop"},
{"description":"High Angle Photography of Pathway Through Pine Trees during Winter","urls__small":"https://images.pexels.com/photos/1427513/pexels-photo-1427513.jpeg?auto=compress&cs=tinysrgb&h=400&w=600&fit=crop"},
{"description":"Calico Cat on Focus Photo","urls__small":"https://images.pexels.com/photos/1404819/pexels-photo-1404819.jpeg?auto=compress&cs=tinysrgb&h=400&w=600&fit=crop"},
{"description":"Mountain","urls__small":"https://images.pexels.com/photos/1468555/pexels-photo-1468555.jpeg?auto=compress&cs=tinysrgb&h=400&w=600&fit=crop"},
{"description":"Laptop on Table","urls__small":"https://images.pexels.com/photos/1432942/pexels-photo-1432942.jpeg?auto=compress&cs=tinysrgb&h=400&w=600&fit=crop"},
{"description":"Girl Lying on White Surface Petting Gray Rabbit","urls__small":"https://images.pexels.com/photos/1462634/pexels-photo-1462634.jpeg?auto=compress&cs=tinysrgb&h=400&w=600&fit=crop"},
{"description":"Woman Standing in Front of Fence Near Swimming Pool","urls__small":"https://images.pexels.com/photos/1416836/pexels-photo-1416836.jpeg?auto=compress&cs=tinysrgb&h=400&w=600&fit=crop"},
{"description":"Two Woman Kissing on Bed","urls__small":"https://images.pexels.com/photos/1418354/pexels-photo-1418354.jpeg?auto=compress&cs=tinysrgb&h=400&w=600&fit=crop"},
{"description":"Two People Riding On Jet Ski","urls__small":"https://images.pexels.com/photos/1430671/pexels-photo-1430671.jpeg?auto=compress&cs=tinysrgb&h=400&w=600&fit=crop"},
{"description":"Woman Wearing Halloween Costume","urls__small":"https://images.pexels.com/photos/1406351/pexels-photo-1406351.jpeg?auto=compress&cs=tinysrgb&h=400&w=600&fit=crop"},
{"description":"Silhouette Photography of Into the Woods","urls__small":"https://images.pexels.com/photos/1440650/pexels-photo-1440650.jpeg?auto=compress&cs=tinysrgb&h=400&w=600&fit=crop"},
{"description":"Potted Aloe Vera Plant","urls__small":"https://images.pexels.com/photos/1445418/pexels-photo-1445418.jpeg?auto=compress&cs=tinysrgb&h=400&w=600&fit=crop"},
{"description":"Woman Standing Beside The River","urls__small":"https://images.pexels.com/photos/1462014/pexels-photo-1462014.jpeg?auto=compress&cs=tinysrgb&h=400&w=600&fit=crop"},
{"description":"Worm's Eye View of Two Skyscrapers during Day","urls__small":"https://images.pexels.com/photos/1429770/pexels-photo-1429770.jpeg?auto=compress&cs=tinysrgb&h=400&w=600&fit=crop"},
{"description":"Man Standing On Cliff","urls__small":"https://images.pexels.com/photos/1454411/pexels-photo-1454411.jpeg?auto=compress&cs=tinysrgb&h=400&w=600&fit=crop"},
{"description":"Sea Stacks","urls__small":"https://images.pexels.com/photos/1416102/pexels-photo-1416102.jpeg?auto=compress&cs=tinysrgb&h=400&w=600&fit=crop"},
{"description":"Macro Photography of Pathway","urls__small":"https://images.pexels.com/photos/1424108/pexels-photo-1424108.jpeg?auto=compress&cs=tinysrgb&h=400&w=600&fit=crop"},
{"description":"Woman Standing Near Waterfalls","urls__small":"https://images.pexels.com/photos/1450062/pexels-photo-1450062.jpeg?auto=compress&cs=tinysrgb&h=400&w=600&fit=crop"},
{"description":"Close-Up Owl","urls__small":"https://images.pexels.com/photos/1454825/pexels-photo-1454825.jpeg?auto=compress&cs=tinysrgb&h=400&w=600&fit=crop"},
{"description":"Green Grass","urls__small":"https://images.pexels.com/photos/1431091/pexels-photo-1431091.jpeg?auto=compress&cs=tinysrgb&h=400&w=600&fit=crop"},
{"description":"Top View Camera Near Shoes","urls__small":"https://images.pexels.com/photos/1447252/pexels-photo-1447252.jpeg?auto=compress&cs=tinysrgb&h=400&w=600&fit=crop"},
{"description":"High-rise Buildings during Nighttime","urls__small":"https://images.pexels.com/photos/1439373/pexels-photo-1439373.jpeg?auto=compress&cs=tinysrgb&h=400&w=600&fit=crop"},
{"description":"Two People Standing Near Body Of Water","urls__small":"https://images.pexels.com/photos/1406865/pexels-photo-1406865.jpeg?auto=compress&cs=tinysrgb&h=400&w=600&fit=crop"},
{"description":"Close-Up Photography of Droplets On Glass","urls__small":"https://images.pexels.com/photos/1413100/pexels-photo-1413100.jpeg?auto=compress&cs=tinysrgb&h=400&w=600&fit=crop"},
{"description":"Silhouette Photography Of A Man ","urls__small":"https://images.pexels.com/photos/1427886/pexels-photo-1427886.jpeg?auto=compress&cs=tinysrgb&h=400&w=600&fit=crop"},
{"description":"Green Mountain","urls__small":"https://images.pexels.com/photos/1449843/pexels-photo-1449843.jpeg?auto=compress&cs=tinysrgb&h=400&w=600&fit=crop"},
{"description":"Island in the Middle of Ocean","urls__small":"https://images.pexels.com/photos/1464044/pexels-photo-1464044.jpeg?auto=compress&cs=tinysrgb&h=400&w=600&fit=crop"},
{"description":"Abstract Painting","urls__small":"https://images.pexels.com/photos/1418595/pexels-photo-1418595.jpeg?auto=compress&cs=tinysrgb&h=400&w=600&fit=crop"},
{"description":"Man and Woman Sitting on Bench","urls__small":"https://images.pexels.com/photos/1417255/pexels-photo-1417255.jpeg?auto=compress&cs=tinysrgb&h=400&w=600&fit=crop"},
{"description":"Close-Up Leaves","urls__small":"https://images.pexels.com/photos/1452750/pexels-photo-1452750.jpeg?auto=compress&cs=tinysrgb&h=400&w=600&fit=crop"},
{"description":"Person With Man and Woman Face","urls__small":"https://images.pexels.com/photos/1412136/pexels-photo-1412136.jpeg?auto=compress&cs=tinysrgb&h=400&w=600&fit=crop"},
{"description":"Selective Focus Yellow Flower","urls__small":"https://images.pexels.com/photos/1451653/pexels-photo-1451653.jpeg?auto=compress&cs=tinysrgb&h=400&w=600&fit=crop"},
{"description":"Closeup Wooden Bench Near the Lamp Post during Night Time","urls__small":"https://images.pexels.com/photos/1448163/pexels-photo-1448163.jpeg?auto=compress&cs=tinysrgb&h=400&w=600&fit=crop"},
{"description":"Man Holding Black Rope","urls__small":"https://images.pexels.com/photos/1416986/pexels-photo-1416986.jpeg?auto=compress&cs=tinysrgb&h=400&w=600&fit=crop"},
{"description":"White Mug Near Book","urls__small":"https://images.pexels.com/photos/1431324/pexels-photo-1431324.jpeg?auto=compress&cs=tinysrgb&h=400&w=600&fit=crop"},
{"description":"Ice Coated House Roofs Beside Green Pine Tree during Snow Night Time","urls__small":"https://images.pexels.com/photos/1417642/pexels-photo-1417642.jpeg?auto=compress&cs=tinysrgb&h=400&w=600&fit=crop"},
{"description":"Two Women Having Conversation on Stairs","urls__small":"https://images.pexels.com/photos/1438084/pexels-photo-1438084.jpeg?auto=compress&cs=tinysrgb&h=400&w=600&fit=crop"},
{"description":"Yellow Labrador Retriever Close-up Photography","urls__small":"https://images.pexels.com/photos/1431762/pexels-photo-1431762.jpeg?auto=compress&cs=tinysrgb&h=400&w=600&fit=crop"},
{"description":"Woman Standing on Wooden Dining Table","urls__small":"https://images.pexels.com/photos/1443938/pexels-photo-1443938.jpeg?auto=compress&cs=tinysrgb&h=400&w=600&fit=crop"},
{"description":"Two Person Doing Hand Shake","urls__small":"https://images.pexels.com/photos/1437866/pexels-photo-1437866.jpeg?auto=compress&cs=tinysrgb&h=400&w=600&fit=crop"},
{"description":"Closeup Green Grass","urls__small":"https://images.pexels.com/photos/1438996/pexels-photo-1438996.jpeg?auto=compress&cs=tinysrgb&h=400&w=600&fit=crop"},
{"description":"Close-Up Photography of Blue and Green Smoke","urls__small":"https://images.pexels.com/photos/1413661/pexels-photo-1413661.jpeg?auto=compress&cs=tinysrgb&h=400&w=600&fit=crop"},
{"description":"Landscape Waterfalls","urls__small":"https://images.pexels.com/photos/1420442/pexels-photo-1420442.jpeg?auto=compress&cs=tinysrgb&h=400&w=600&fit=crop"},
{"description":"Scenic View of Ocean","urls__small":"https://images.pexels.com/photos/1438254/pexels-photo-1438254.jpeg?auto=compress&cs=tinysrgb&h=400&w=600&fit=crop"},
{"description":"Woman Wearing Cap","urls__small":"https://images.pexels.com/photos/1447128/pexels-photo-1447128.jpeg?auto=compress&cs=tinysrgb&h=400&w=600&fit=crop"},
{"description":"Aerial Photography of Vehicle Parked on Beach Near Bushes","urls__small":"https://images.pexels.com/photos/1443657/pexels-photo-1443657.jpeg?auto=compress&cs=tinysrgb&h=400&w=600&fit=crop"},
{"description":"Top View Keyboard Near Earphone","urls__small":"https://images.pexels.com/photos/1420709/pexels-photo-1420709.jpeg?auto=compress&cs=tinysrgb&h=400&w=600&fit=crop"},
{"description":"Blue Car on Concrete Road Near Concrete Buildings","urls__small":"https://images.pexels.com/photos/1440529/pexels-photo-1440529.jpeg?auto=compress&cs=tinysrgb&h=400&w=600&fit=crop"},
{"description":"Close-up Photography of Gray Tabby Cat Sleeping on Yellow Textile","urls__small":"https://images.pexels.com/photos/1440918/pexels-photo-1440918.jpeg?auto=compress&cs=tinysrgb&h=400&w=600&fit=crop"},
{"description":"Woman in Black Sleeveless Top Leaning on Black Table While Holding Cheek","urls__small":"https://images.pexels.com/photos/1445328/pexels-photo-1445328.jpeg?auto=compress&cs=tinysrgb&h=400&w=600&fit=crop"},
{"description":"Gray Rock Near the Body of Water","urls__small":"https://images.pexels.com/photos/1423292/pexels-photo-1423292.jpeg?auto=compress&cs=tinysrgb&h=400&w=600&fit=crop"},
{"description":"Scenic View of Grand Canyon","urls__small":"https://images.pexels.com/photos/1325862/pexels-photo-1325862.jpeg?auto=compress&cs=tinysrgb&h=400&w=600&fit=crop"},
{"description":"Woman and Girl by the Sea","urls__small":"https://images.pexels.com/photos/1438511/pexels-photo-1438511.jpeg?auto=compress&cs=tinysrgb&h=400&w=600&fit=crop"},
{"description":"Abstract Painting","urls__small":"https://images.pexels.com/photos/1416367/pexels-photo-1416367.jpeg?auto=compress&cs=tinysrgb&h=400&w=600&fit=crop"},
{"description":"Aerial Photography of Road With Vehicles Passing by","urls__small":"https://images.pexels.com/photos/1427110/pexels-photo-1427110.jpeg?auto=compress&cs=tinysrgb&h=400&w=600&fit=crop"},
{"description":"Close-up Halloween Decors","urls__small":"https://images.pexels.com/photos/1449058/pexels-photo-1449058.jpeg?auto=compress&cs=tinysrgb&h=400&w=600&fit=crop"},
{"description":"Man Holding Woman's Hand","urls__small":"https://images.pexels.com/photos/1449049/pexels-photo-1449049.jpeg?auto=compress&cs=tinysrgb&h=400&w=600&fit=crop"},
{"description":"Man and Woman Near Grass Field","urls__small":"https://images.pexels.com/photos/1415131/pexels-photo-1415131.jpeg?auto=compress&cs=tinysrgb&h=400&w=600&fit=crop"},
{"description":"Sunflower Field during Dawn","urls__small":"https://images.pexels.com/photos/1442398/pexels-photo-1442398.jpeg?auto=compress&cs=tinysrgb&h=400&w=600&fit=crop"},
{"description":"Hot Air Balloon Flying","urls__small":"https://images.pexels.com/photos/1398186/pexels-photo-1398186.jpeg?auto=compress&cs=tinysrgb&h=400&w=600&fit=crop"},
{"description":"White and Red Table Lamp, Assorted-color Books, and White Petaled Flower in Clear Glass Vase on Brown Wooden End Table","urls__small":"https://images.pexels.com/photos/1441596/pexels-photo-1441596.jpeg?auto=compress&cs=tinysrgb&h=400&w=600&fit=crop"},
{"description":"Vehicle on Street in Between High-rise Buildings With Stores on the Bottom","urls__small":"https://images.pexels.com/photos/1441932/pexels-photo-1441932.jpeg?auto=compress&cs=tinysrgb&h=400&w=600&fit=crop"},
{"description":"Water Ripple","urls__small":"https://images.pexels.com/photos/1445335/pexels-photo-1445335.jpeg?auto=compress&cs=tinysrgb&h=400&w=600&fit=crop"},
{"description":"Woman Sitting On Floor ","urls__small":"https://images.pexels.com/photos/1453408/pexels-photo-1453408.jpeg?auto=compress&cs=tinysrgb&h=400&w=600&fit=crop"},
{"description":"Two Brown Houses Covered With Snow","urls__small":"https://images.pexels.com/photos/1417647/pexels-photo-1417647.jpeg?auto=compress&cs=tinysrgb&h=400&w=600&fit=crop"},
{"description":"Man Doing Push-ups on Sand","urls__small":"https://images.pexels.com/photos/1451357/pexels-photo-1451357.jpeg?auto=compress&cs=tinysrgb&h=400&w=600&fit=crop"},
{"description":"Close-Up Hand on Glass","urls__small":"https://images.pexels.com/photos/1123791/pexels-photo-1123791.jpeg?auto=compress&cs=tinysrgb&h=400&w=600&fit=crop"},
{"description":"Two Person Doing Surgery Inside Room","urls__small":"https://images.pexels.com/photos/1250655/pexels-photo-1250655.jpeg?auto=compress&cs=tinysrgb&h=400&w=600&fit=crop"},
{"description":"Person Holding Black Iphone","urls__small":"https://images.pexels.com/photos/1434819/pexels-photo-1434819.jpeg?auto=compress&cs=tinysrgb&h=400&w=600&fit=crop"},
{"description":"City Buildings Near Body of Water","urls__small":"https://images.pexels.com/photos/1449455/pexels-photo-1449455.jpeg?auto=compress&cs=tinysrgb&h=400&w=600&fit=crop"},
{"description":"Rocky Mountain Under Gray Sky","urls__small":"https://images.pexels.com/photos/1416687/pexels-photo-1416687.jpeg?auto=compress&cs=tinysrgb&h=400&w=600&fit=crop"},
{"description":"Close-up Hand Print","urls__small":"https://images.pexels.com/photos/1420417/pexels-photo-1420417.jpeg?auto=compress&cs=tinysrgb&h=400&w=600&fit=crop"},
{"description":"Person Holding Cloud Photo","urls__small":"https://images.pexels.com/photos/1449638/pexels-photo-1449638.jpeg?auto=compress&cs=tinysrgb&h=400&w=600&fit=crop"},
{"description":"Photography of Leaf","urls__small":"https://images.pexels.com/photos/1414215/pexels-photo-1414215.jpeg?auto=compress&cs=tinysrgb&h=400&w=600&fit=crop"},
{"description":"Grilled Dish With Vegetables on Round White Ceramic Plate","urls__small":"https://images.pexels.com/photos/1440119/pexels-photo-1440119.jpeg?auto=compress&cs=tinysrgb&h=400&w=600&fit=crop"},
{"description":"Woman Standing While Holding Green Leaves","urls__small":"https://images.pexels.com/photos/1448708/pexels-photo-1448708.jpeg?auto=compress&cs=tinysrgb&h=400&w=600&fit=crop"},
{"description":"Pair of Red-and-white Low-top Sneakers","urls__small":"https://images.pexels.com/photos/1449844/pexels-photo-1449844.jpeg?auto=compress&cs=tinysrgb&h=400&w=600&fit=crop"},
{"description":"Praying Man Looking Up","urls__small":"https://images.pexels.com/photos/1438275/pexels-photo-1438275.jpeg?auto=compress&cs=tinysrgb&h=400&w=600&fit=crop"},
{"description":"Person Using Typewriter","urls__small":"https://images.pexels.com/photos/1448709/pexels-photo-1448709.jpeg?auto=compress&cs=tinysrgb&h=400&w=600&fit=crop"},
{"description":"Brown Horse In Close-up Photography","urls__small":"https://images.pexels.com/photos/1411709/pexels-photo-1411709.jpeg?auto=compress&cs=tinysrgb&h=400&w=600&fit=crop"},
{"description":"Man Playing Guitar","urls__small":"https://images.pexels.com/photos/1403557/pexels-photo-1403557.jpeg?auto=compress&cs=tinysrgb&h=400&w=600&fit=crop"},
{"description":"Classic Blue Sedan Parked On Roadside","urls__small":"https://images.pexels.com/photos/1409980/pexels-photo-1409980.jpeg?auto=compress&cs=tinysrgb&h=400&w=600&fit=crop"},
{"description":"Man Wearing Brown Backpack","urls__small":"https://images.pexels.com/photos/1453488/pexels-photo-1453488.jpeg?auto=compress&cs=tinysrgb&h=400&w=600&fit=crop"},
{"description":"Free stock hand, fingers, reaching","urls__small":"https://images.pexels.com/photos/1454797/pexels-photo-1454797.jpeg?auto=compress&cs=tinysrgb&h=400&w=600&fit=crop"},
{"description":"Green Peapods","urls__small":"https://images.pexels.com/photos/1437587/pexels-photo-1437587.jpeg?auto=compress&cs=tinysrgb&h=400&w=600&fit=crop"},
{"description":"Man Break Dancing on Hallway","urls__small":"https://images.pexels.com/photos/1450116/pexels-photo-1450116.jpeg?auto=compress&cs=tinysrgb&h=400&w=600&fit=crop"},
{"description":"Woman in Blue and White Striped Top Raising Her Left Hand","urls__small":"https://images.pexels.com/photos/1462637/pexels-photo-1462637.jpeg?auto=compress&cs=tinysrgb&h=400&w=600&fit=crop"},
{"description":"Woman Holding Two Strawberries","urls__small":"https://images.pexels.com/photos/1418356/pexels-photo-1418356.jpeg?auto=compress&cs=tinysrgb&h=400&w=600&fit=crop"},
{"description":"Mountain Scenery","urls__small":"https://images.pexels.com/photos/1450082/pexels-photo-1450082.jpeg?auto=compress&cs=tinysrgb&h=400&w=600&fit=crop"},
{"description":"Person in Wooden Balcony Overlooking Mountains","urls__small":"https://images.pexels.com/photos/1417256/pexels-photo-1417256.jpeg?auto=compress&cs=tinysrgb&h=400&w=600&fit=crop"},
{"description":"Woman in Water Clearing His Face of Water","urls__small":"https://images.pexels.com/photos/1414047/pexels-photo-1414047.jpeg?auto=compress&cs=tinysrgb&h=400&w=600&fit=crop"},
{"description":"Green Grass","urls__small":"https://images.pexels.com/photos/1438994/pexels-photo-1438994.jpeg?auto=compress&cs=tinysrgb&h=400&w=600&fit=crop"},
{"description":"Monochrome Photography of Mountain","urls__small":"https://images.pexels.com/photos/1446713/pexels-photo-1446713.jpeg?auto=compress&cs=tinysrgb&h=400&w=600&fit=crop"},
{"description":"Turned-on Gray Laptop Computer","urls__small":"https://images.pexels.com/photos/1449081/pexels-photo-1449081.jpeg?auto=compress&cs=tinysrgb&h=400&w=600&fit=crop"},
{"description":"Yellow Sunflowers In Clear Glass Vase","urls__small":"https://images.pexels.com/photos/1427855/pexels-photo-1427855.jpeg?auto=compress&cs=tinysrgb&h=400&w=600&fit=crop"},
{"description":"Woman Standing On Rock","urls__small":"https://images.pexels.com/photos/1471603/pexels-photo-1471603.jpeg?auto=compress&cs=tinysrgb&h=400&w=600&fit=crop"}]
